ISO-10303-21;
HEADER;
/* Generated by software containing ST-Developer
 * from STEP Tools, Inc. (www.steptools.com) 
 */
/* OPTION: using custom renumber hook */

FILE_DESCRIPTION(
/* description */ ('STEP AP242 Edition 2',
'CAx-IF Rec.Pracs.---Representation and Presentation of Product Manufa
cturing Information (PMI)---4.0---2014-10-13',
'CAx-IF Rec.Pracs.---3D Tessellated Geometry---0.4---2014-09-14','2;1',
'CAx-IF Rec.Pracs.---User Defined Attributes---1.5---2016-08-15'),
/* implementation_level */ '2;1');

FILE_NAME(
/* name */ 'ESP32C6_PIR_sensor',
/* time_stamp */ '2026-08-29T17:58:07Z',
/* author */ (''),
/* organization */ (''),
/* preprocessor_version */ 'ST-DEVELOPER v20',
/* originating_system */ 'ONSHAPE BY PTC INC, 1.220',
/* authorisation */ '  ');

FILE_SCHEMA (('AP242_MANAGED_MODEL_BASED_3D_ENGINEERING_MIM_LF { 1 0 10303 442 3 1 4 }'));
ENDSEC;

DATA;
#10=ELLIPSE('',#2363,0.0065319726474218,0.004);
#11=ELLIPSE('',#2368,0.0065319726474218,0.004);
#12=ELLIPSE('',#2370,0.00565685424949238,0.004);
#13=DEGENERATE_TOROIDAL_SURFACE('',#2259,0.001,0.004,.T.);
#14=DEGENERATE_TOROIDAL_SURFACE('',#2264,0.001,0.004,.T.);
#15=DEGENERATE_TOROIDAL_SURFACE('',#2300,0.001,0.004,.T.);
#16=DEGENERATE_TOROIDAL_SURFACE('',#2302,0.001,0.004,.T.);
#17=DEGENERATE_TOROIDAL_SURFACE('',#2308,0.0022,0.004,.T.);
#18=DEGENERATE_TOROIDAL_SURFACE('',#2315,0.0022,0.004,.T.);
#19=DEGENERATE_TOROIDAL_SURFACE('',#2317,0.0022,0.004,.T.);
#20=DEGENERATE_TOROIDAL_SURFACE('',#2324,0.0022,0.004,.T.);
#21=CIRCLE('',#2245,0.00155);
#22=CIRCLE('',#2246,0.00155);
#23=CIRCLE('',#2248,0.0062);
#24=CIRCLE('',#2249,0.0062);
#25=CIRCLE('',#2253,0.005);
#26=CIRCLE('',#2254,0.005);
#27=CIRCLE('',#2256,0.005);
#28=CIRCLE('',#2257,0.005);
#29=CIRCLE('',#2260,0.00481575680566779);
#30=CIRCLE('',#2261,0.004);
#31=CIRCLE('',#2262,0.001);
#32=CIRCLE('',#2263,0.004);
#33=CIRCLE('',#2265,0.00481575680566779);
#34=CIRCLE('',#2266,0.004);
#35=CIRCLE('',#2267,0.001);
#36=CIRCLE('',#2268,0.004);
#37=CIRCLE('',#2273,0.0062);
#38=CIRCLE('',#2275,0.004);
#39=CIRCLE('',#2277,0.0062);
#40=CIRCLE('',#2279,0.0064);
#41=CIRCLE('',#2280,0.0022);
#42=CIRCLE('',#2281,0.0022);
#43=CIRCLE('',#2282,0.0022);
#44=CIRCLE('',#2283,0.0022);
#45=CIRCLE('',#2287,0.005);
#46=CIRCLE('',#2288,0.005);
#47=CIRCLE('',#2291,0.005);
#48=CIRCLE('',#2292,0.005);
#49=CIRCLE('',#2294,0.0064);
#50=CIRCLE('',#2295,0.001);
#51=CIRCLE('',#2296,0.001);
#52=CIRCLE('',#2298,0.004);
#53=CIRCLE('',#2299,0.004);
#54=CIRCLE('',#2301,0.004);
#55=CIRCLE('',#2303,0.004);
#56=CIRCLE('',#2305,0.004);
#57=CIRCLE('',#2307,0.004);
#58=CIRCLE('',#2309,0.004);
#59=CIRCLE('',#2310,0.004);
#60=CIRCLE('',#2312,0.004);
#61=CIRCLE('',#2314,0.004);
#62=CIRCLE('',#2316,0.004);
#63=CIRCLE('',#2318,0.004);
#64=CIRCLE('',#2319,0.0062);
#65=CIRCLE('',#2321,0.004);
#66=CIRCLE('',#2323,0.004);
#67=CIRCLE('',#2325,0.0062);
#68=CIRCLE('',#2329,0.00481575680566779);
#69=CIRCLE('',#2332,0.00481575680566779);
#70=CIRCLE('',#2335,0.0062);
#71=CIRCLE('',#2338,0.0062);
#72=CIRCLE('',#2349,0.004);
#73=CIRCLE('',#2351,0.004);
#74=CIRCLE('',#2352,0.004);
#75=CIRCLE('',#2379,0.00481575680566779);
#76=CIRCLE('',#2380,0.00481575680566779);
#77=CIRCLE('',#2383,0.00481575680566779);
#78=CIRCLE('',#2384,0.00481575680566779);
#79=CIRCLE('',#2386,0.0062);
#80=CIRCLE('',#2387,0.0062);
#81=CIRCLE('',#2390,0.0062);
#82=CIRCLE('',#2391,0.0062);
#83=CIRCLE('',#2393,0.00481575680566775);
#84=CIRCLE('',#2394,0.00481575680566777);
#85=CIRCLE('',#2399,0.00481575680566777);
#86=CIRCLE('',#2401,0.00481575680566775);
#87=CIRCLE('',#2411,0.00155);
#88=CIRCLE('',#2412,0.00155);
#89=CIRCLE('',#2416,0.004);
#90=CIRCLE('',#2417,0.004);
#91=CIRCLE('',#2419,0.00285);
#92=CIRCLE('',#2422,0.00285);
#93=CYLINDRICAL_SURFACE('',#2244,0.00155);
#94=CYLINDRICAL_SURFACE('',#2252,0.005);
#95=CYLINDRICAL_SURFACE('',#2255,0.005);
#96=CYLINDRICAL_SURFACE('',#2269,0.004);
#97=CYLINDRICAL_SURFACE('',#2272,0.0062);
#98=CYLINDRICAL_SURFACE('',#2276,0.0062);
#99=CYLINDRICAL_SURFACE('',#2286,0.005);
#100=CYLINDRICAL_SURFACE('',#2290,0.005);
#101=CYLINDRICAL_SURFACE('',#2297,0.004);
#102=CYLINDRICAL_SURFACE('',#2304,0.004);
#103=CYLINDRICAL_SURFACE('',#2306,0.004);
#104=CYLINDRICAL_SURFACE('',#2311,0.004);
#105=CYLINDRICAL_SURFACE('',#2313,0.004);
#106=CYLINDRICAL_SURFACE('',#2320,0.004);
#107=CYLINDRICAL_SURFACE('',#2322,0.004);
#108=CYLINDRICAL_SURFACE('',#2326,0.0064);
#109=CYLINDRICAL_SURFACE('',#2328,0.00481575680566779);
#110=CYLINDRICAL_SURFACE('',#2331,0.00481575680566779);
#111=CYLINDRICAL_SURFACE('',#2334,0.0062);
#112=CYLINDRICAL_SURFACE('',#2337,0.0062);
#113=CYLINDRICAL_SURFACE('',#2353,0.004);
#114=CYLINDRICAL_SURFACE('',#2369,0.004);
#115=CYLINDRICAL_SURFACE('',#2371,0.004);
#116=CYLINDRICAL_SURFACE('',#2378,0.00481575680566779);
#117=CYLINDRICAL_SURFACE('',#2382,0.00481575680566779);
#118=CYLINDRICAL_SURFACE('',#2385,0.0062);
#119=CYLINDRICAL_SURFACE('',#2389,0.0062);
#120=CYLINDRICAL_SURFACE('',#2398,0.00481575680566777);
#121=CYLINDRICAL_SURFACE('',#2400,0.00481575680566775);
#122=CYLINDRICAL_SURFACE('',#2410,0.00155);
#123=CYLINDRICAL_SURFACE('',#2415,0.004);
#124=CYLINDRICAL_SURFACE('',#2421,0.00285);
#125=SHAPE_REPRESENTATION_RELATIONSHIP('','',#2224,#129);
#126=SHAPE_REPRESENTATION_RELATIONSHIP('','',#2225,#130);
#127=SHAPE_REPRESENTATION_RELATIONSHIP('','',#2226,#131);
#128=SHAPE_REPRESENTATION_RELATIONSHIP('','',#2227,#132);
#129=ADVANCED_BREP_SHAPE_REPRESENTATION('',(#2216),#3695);
#130=ADVANCED_BREP_SHAPE_REPRESENTATION('',(#2217),#3696);
#131=ADVANCED_BREP_SHAPE_REPRESENTATION('',(#2218),#3697);
#132=ADVANCED_BREP_SHAPE_REPRESENTATION('',(#2219),#3698);
#133=ORIENTED_EDGE('',*,*,#745,.T.);
#134=ORIENTED_EDGE('',*,*,#746,.F.);
#135=ORIENTED_EDGE('',*,*,#747,.F.);
#136=ORIENTED_EDGE('',*,*,#748,.T.);
#137=ORIENTED_EDGE('',*,*,#749,.T.);
#138=ORIENTED_EDGE('',*,*,#748,.F.);
#139=ORIENTED_EDGE('',*,*,#750,.F.);
#140=ORIENTED_EDGE('',*,*,#751,.T.);
#141=ORIENTED_EDGE('',*,*,#752,.T.);
#142=ORIENTED_EDGE('',*,*,#753,.T.);
#143=ORIENTED_EDGE('',*,*,#754,.F.);
#144=ORIENTED_EDGE('',*,*,#755,.F.);
#145=ORIENTED_EDGE('',*,*,#756,.T.);
#146=ORIENTED_EDGE('',*,*,#757,.T.);
#147=ORIENTED_EDGE('',*,*,#752,.F.);
#148=ORIENTED_EDGE('',*,*,#758,.F.);
#149=ORIENTED_EDGE('',*,*,#759,.T.);
#150=ORIENTED_EDGE('',*,*,#760,.T.);
#151=ORIENTED_EDGE('',*,*,#756,.F.);
#152=ORIENTED_EDGE('',*,*,#761,.F.);
#153=ORIENTED_EDGE('',*,*,#762,.T.);
#154=ORIENTED_EDGE('',*,*,#763,.F.);
#155=ORIENTED_EDGE('',*,*,#751,.F.);
#156=ORIENTED_EDGE('',*,*,#764,.F.);
#157=ORIENTED_EDGE('',*,*,#754,.T.);
#158=ORIENTED_EDGE('',*,*,#765,.T.);
#159=ORIENTED_EDGE('',*,*,#759,.F.);
#160=ORIENTED_EDGE('',*,*,#766,.F.);
#161=ORIENTED_EDGE('',*,*,#767,.T.);
#162=ORIENTED_EDGE('',*,*,#762,.F.);
#163=ORIENTED_EDGE('',*,*,#768,.F.);
#164=ORIENTED_EDGE('',*,*,#769,.T.);
#165=ORIENTED_EDGE('',*,*,#770,.T.);
#166=ORIENTED_EDGE('',*,*,#769,.F.);
#167=ORIENTED_EDGE('',*,*,#771,.F.);
#168=ORIENTED_EDGE('',*,*,#772,.T.);
#169=ORIENTED_EDGE('',*,*,#773,.T.);
#170=ORIENTED_EDGE('',*,*,#772,.F.);
#171=ORIENTED_EDGE('',*,*,#774,.F.);
#172=ORIENTED_EDGE('',*,*,#775,.T.);
#173=ORIENTED_EDGE('',*,*,#776,.F.);
#174=ORIENTED_EDGE('',*,*,#775,.F.);
#175=ORIENTED_EDGE('',*,*,#777,.T.);
#176=ORIENTED_EDGE('',*,*,#778,.T.);
#177=ORIENTED_EDGE('',*,*,#779,.F.);
#178=ORIENTED_EDGE('',*,*,#778,.F.);
#179=ORIENTED_EDGE('',*,*,#780,.T.);
#180=ORIENTED_EDGE('',*,*,#746,.T.);
#181=ORIENTED_EDGE('',*,*,#747,.T.);
#182=ORIENTED_EDGE('',*,*,#780,.F.);
#183=ORIENTED_EDGE('',*,*,#777,.F.);
#184=ORIENTED_EDGE('',*,*,#774,.T.);
#185=ORIENTED_EDGE('',*,*,#771,.T.);
#186=ORIENTED_EDGE('',*,*,#768,.T.);
#187=ORIENTED_EDGE('',*,*,#766,.T.);
#188=ORIENTED_EDGE('',*,*,#761,.T.);
#189=ORIENTED_EDGE('',*,*,#758,.T.);
#190=ORIENTED_EDGE('',*,*,#755,.T.);
#191=ORIENTED_EDGE('',*,*,#764,.T.);
#192=ORIENTED_EDGE('',*,*,#750,.T.);
#193=ORIENTED_EDGE('',*,*,#760,.F.);
#194=ORIENTED_EDGE('',*,*,#765,.F.);
#195=ORIENTED_EDGE('',*,*,#753,.F.);
#196=ORIENTED_EDGE('',*,*,#757,.F.);
#197=ORIENTED_EDGE('',*,*,#749,.F.);
#198=ORIENTED_EDGE('',*,*,#763,.T.);
#199=ORIENTED_EDGE('',*,*,#767,.F.);
#200=ORIENTED_EDGE('',*,*,#770,.F.);
#201=ORIENTED_EDGE('',*,*,#773,.F.);
#202=ORIENTED_EDGE('',*,*,#776,.T.);
#203=ORIENTED_EDGE('',*,*,#779,.T.);
#204=ORIENTED_EDGE('',*,*,#745,.F.);
#205=ORIENTED_EDGE('',*,*,#781,.T.);
#206=ORIENTED_EDGE('',*,*,#782,.F.);
#207=ORIENTED_EDGE('',*,*,#783,.F.);
#208=ORIENTED_EDGE('',*,*,#784,.T.);
#209=ORIENTED_EDGE('',*,*,#785,.T.);
#210=ORIENTED_EDGE('',*,*,#786,.T.);
#211=ORIENTED_EDGE('',*,*,#787,.F.);
#212=ORIENTED_EDGE('',*,*,#788,.F.);
#213=ORIENTED_EDGE('',*,*,#789,.F.);
#214=ORIENTED_EDGE('',*,*,#790,.T.);
#215=ORIENTED_EDGE('',*,*,#791,.T.);
#216=ORIENTED_EDGE('',*,*,#792,.F.);
#217=ORIENTED_EDGE('',*,*,#793,.T.);
#218=ORIENTED_EDGE('',*,*,#794,.T.);
#219=ORIENTED_EDGE('',*,*,#795,.F.);
#220=ORIENTED_EDGE('',*,*,#796,.T.);
#221=ORIENTED_EDGE('',*,*,#797,.F.);
#222=ORIENTED_EDGE('',*,*,#798,.F.);
#223=ORIENTED_EDGE('',*,*,#799,.F.);
#224=ORIENTED_EDGE('',*,*,#800,.T.);
#225=ORIENTED_EDGE('',*,*,#801,.F.);
#226=ORIENTED_EDGE('',*,*,#802,.F.);
#227=ORIENTED_EDGE('',*,*,#803,.F.);
#228=ORIENTED_EDGE('',*,*,#798,.T.);
#229=ORIENTED_EDGE('',*,*,#804,.F.);
#230=ORIENTED_EDGE('',*,*,#793,.F.);
#231=ORIENTED_EDGE('',*,*,#805,.F.);
#232=ORIENTED_EDGE('',*,*,#806,.T.);
#233=ORIENTED_EDGE('',*,*,#807,.T.);
#234=ORIENTED_EDGE('',*,*,#808,.T.);
#235=ORIENTED_EDGE('',*,*,#809,.T.);
#236=ORIENTED_EDGE('',*,*,#810,.F.);
#237=ORIENTED_EDGE('',*,*,#790,.F.);
#238=ORIENTED_EDGE('',*,*,#811,.T.);
#239=ORIENTED_EDGE('',*,*,#812,.T.);
#240=ORIENTED_EDGE('',*,*,#813,.F.);
#241=ORIENTED_EDGE('',*,*,#814,.T.);
#242=ORIENTED_EDGE('',*,*,#815,.F.);
#243=ORIENTED_EDGE('',*,*,#816,.F.);
#244=ORIENTED_EDGE('',*,*,#800,.F.);
#245=ORIENTED_EDGE('',*,*,#817,.T.);
#246=ORIENTED_EDGE('',*,*,#818,.F.);
#247=ORIENTED_EDGE('',*,*,#819,.T.);
#248=ORIENTED_EDGE('',*,*,#820,.T.);
#249=ORIENTED_EDGE('',*,*,#821,.T.);
#250=ORIENTED_EDGE('',*,*,#795,.T.);
#251=ORIENTED_EDGE('',*,*,#822,.F.);
#252=ORIENTED_EDGE('',*,*,#823,.T.);
#253=ORIENTED_EDGE('',*,*,#824,.F.);
#254=ORIENTED_EDGE('',*,*,#825,.F.);
#255=ORIENTED_EDGE('',*,*,#826,.F.);
#256=ORIENTED_EDGE('',*,*,#827,.T.);
#257=ORIENTED_EDGE('',*,*,#828,.F.);
#258=ORIENTED_EDGE('',*,*,#829,.T.);
#259=ORIENTED_EDGE('',*,*,#830,.F.);
#260=ORIENTED_EDGE('',*,*,#831,.F.);
#261=ORIENTED_EDGE('',*,*,#832,.F.);
#262=ORIENTED_EDGE('',*,*,#831,.T.);
#263=ORIENTED_EDGE('',*,*,#833,.F.);
#264=ORIENTED_EDGE('',*,*,#825,.T.);
#265=ORIENTED_EDGE('',*,*,#810,.T.);
#266=ORIENTED_EDGE('',*,*,#834,.T.);
#267=ORIENTED_EDGE('',*,*,#835,.T.);
#268=ORIENTED_EDGE('',*,*,#836,.F.);
#269=ORIENTED_EDGE('',*,*,#791,.F.);
#270=ORIENTED_EDGE('',*,*,#837,.T.);
#271=ORIENTED_EDGE('',*,*,#838,.T.);
#272=ORIENTED_EDGE('',*,*,#839,.F.);
#273=ORIENTED_EDGE('',*,*,#811,.F.);
#274=ORIENTED_EDGE('',*,*,#789,.T.);
#275=ORIENTED_EDGE('',*,*,#788,.T.);
#276=ORIENTED_EDGE('',*,*,#840,.T.);
#277=ORIENTED_EDGE('',*,*,#841,.T.);
#278=ORIENTED_EDGE('',*,*,#837,.F.);
#279=ORIENTED_EDGE('',*,*,#842,.F.);
#280=ORIENTED_EDGE('',*,*,#843,.T.);
#281=ORIENTED_EDGE('',*,*,#844,.T.);
#282=ORIENTED_EDGE('',*,*,#845,.T.);
#283=ORIENTED_EDGE('',*,*,#783,.T.);
#284=ORIENTED_EDGE('',*,*,#846,.T.);
#285=ORIENTED_EDGE('',*,*,#847,.T.);
#286=ORIENTED_EDGE('',*,*,#840,.F.);
#287=ORIENTED_EDGE('',*,*,#787,.T.);
#288=ORIENTED_EDGE('',*,*,#792,.T.);
#289=ORIENTED_EDGE('',*,*,#836,.T.);
#290=ORIENTED_EDGE('',*,*,#848,.T.);
#291=ORIENTED_EDGE('',*,*,#846,.F.);
#292=ORIENTED_EDGE('',*,*,#849,.F.);
#293=ORIENTED_EDGE('',*,*,#850,.T.);
#294=ORIENTED_EDGE('',*,*,#851,.T.);
#295=ORIENTED_EDGE('',*,*,#852,.T.);
#296=ORIENTED_EDGE('',*,*,#853,.T.);
#297=ORIENTED_EDGE('',*,*,#854,.T.);
#298=ORIENTED_EDGE('',*,*,#855,.T.);
#299=ORIENTED_EDGE('',*,*,#856,.T.);
#300=ORIENTED_EDGE('',*,*,#857,.T.);
#301=ORIENTED_EDGE('',*,*,#858,.F.);
#302=ORIENTED_EDGE('',*,*,#859,.T.);
#303=ORIENTED_EDGE('',*,*,#860,.T.);
#304=ORIENTED_EDGE('',*,*,#861,.F.);
#305=ORIENTED_EDGE('',*,*,#808,.F.);
#306=ORIENTED_EDGE('',*,*,#862,.F.);
#307=ORIENTED_EDGE('',*,*,#863,.T.);
#308=ORIENTED_EDGE('',*,*,#813,.T.);
#309=ORIENTED_EDGE('',*,*,#864,.T.);
#310=ORIENTED_EDGE('',*,*,#865,.T.);
#311=ORIENTED_EDGE('',*,*,#866,.F.);
#312=ORIENTED_EDGE('',*,*,#867,.T.);
#313=ORIENTED_EDGE('',*,*,#862,.T.);
#314=ORIENTED_EDGE('',*,*,#868,.T.);
#315=ORIENTED_EDGE('',*,*,#802,.T.);
#316=ORIENTED_EDGE('',*,*,#869,.T.);
#317=ORIENTED_EDGE('',*,*,#870,.T.);
#318=ORIENTED_EDGE('',*,*,#871,.F.);
#319=ORIENTED_EDGE('',*,*,#866,.T.);
#320=ORIENTED_EDGE('',*,*,#872,.T.);
#321=ORIENTED_EDGE('',*,*,#873,.F.);
#322=ORIENTED_EDGE('',*,*,#874,.F.);
#323=ORIENTED_EDGE('',*,*,#875,.F.);
#324=ORIENTED_EDGE('',*,*,#876,.T.);
#325=ORIENTED_EDGE('',*,*,#806,.F.);
#326=ORIENTED_EDGE('',*,*,#877,.F.);
#327=ORIENTED_EDGE('',*,*,#859,.F.);
#328=ORIENTED_EDGE('',*,*,#878,.T.);
#329=ORIENTED_EDGE('',*,*,#873,.T.);
#330=ORIENTED_EDGE('',*,*,#879,.T.);
#331=ORIENTED_EDGE('',*,*,#880,.F.);
#332=ORIENTED_EDGE('',*,*,#826,.T.);
#333=ORIENTED_EDGE('',*,*,#833,.T.);
#334=ORIENTED_EDGE('',*,*,#830,.T.);
#335=ORIENTED_EDGE('',*,*,#881,.T.);
#336=ORIENTED_EDGE('',*,*,#882,.T.);
#337=ORIENTED_EDGE('',*,*,#883,.T.);
#338=ORIENTED_EDGE('',*,*,#884,.T.);
#339=ORIENTED_EDGE('',*,*,#885,.T.);
#340=ORIENTED_EDGE('',*,*,#886,.F.);
#341=ORIENTED_EDGE('',*,*,#872,.F.);
#342=ORIENTED_EDGE('',*,*,#887,.F.);
#343=ORIENTED_EDGE('',*,*,#883,.F.);
#344=ORIENTED_EDGE('',*,*,#887,.T.);
#345=ORIENTED_EDGE('',*,*,#868,.F.);
#346=ORIENTED_EDGE('',*,*,#888,.F.);
#347=ORIENTED_EDGE('',*,*,#884,.F.);
#348=ORIENTED_EDGE('',*,*,#886,.T.);
#349=ORIENTED_EDGE('',*,*,#882,.F.);
#350=ORIENTED_EDGE('',*,*,#889,.F.);
#351=ORIENTED_EDGE('',*,*,#879,.F.);
#352=ORIENTED_EDGE('',*,*,#888,.T.);
#353=ORIENTED_EDGE('',*,*,#865,.F.);
#354=ORIENTED_EDGE('',*,*,#890,.F.);
#355=ORIENTED_EDGE('',*,*,#827,.F.);
#356=ORIENTED_EDGE('',*,*,#885,.F.);
#357=ORIENTED_EDGE('',*,*,#889,.T.);
#358=ORIENTED_EDGE('',*,*,#881,.F.);
#359=ORIENTED_EDGE('',*,*,#829,.F.);
#360=ORIENTED_EDGE('',*,*,#891,.F.);
#361=ORIENTED_EDGE('',*,*,#860,.F.);
#362=ORIENTED_EDGE('',*,*,#892,.F.);
#363=ORIENTED_EDGE('',*,*,#841,.F.);
#364=ORIENTED_EDGE('',*,*,#893,.F.);
#365=ORIENTED_EDGE('',*,*,#855,.F.);
#366=ORIENTED_EDGE('',*,*,#893,.T.);
#367=ORIENTED_EDGE('',*,*,#847,.F.);
#368=ORIENTED_EDGE('',*,*,#894,.F.);
#369=ORIENTED_EDGE('',*,*,#856,.F.);
#370=ORIENTED_EDGE('',*,*,#892,.T.);
#371=ORIENTED_EDGE('',*,*,#854,.F.);
#372=ORIENTED_EDGE('',*,*,#895,.F.);
#373=ORIENTED_EDGE('',*,*,#838,.F.);
#374=ORIENTED_EDGE('',*,*,#894,.T.);
#375=ORIENTED_EDGE('',*,*,#848,.F.);
#376=ORIENTED_EDGE('',*,*,#896,.F.);
#377=ORIENTED_EDGE('',*,*,#857,.F.);
#378=ORIENTED_EDGE('',*,*,#895,.T.);
#379=ORIENTED_EDGE('',*,*,#853,.F.);
#380=ORIENTED_EDGE('',*,*,#897,.F.);
#381=ORIENTED_EDGE('',*,*,#898,.F.);
#382=ORIENTED_EDGE('',*,*,#896,.T.);
#383=ORIENTED_EDGE('',*,*,#835,.F.);
#384=ORIENTED_EDGE('',*,*,#899,.F.);
#385=ORIENTED_EDGE('',*,*,#850,.F.);
#386=ORIENTED_EDGE('',*,*,#897,.T.);
#387=ORIENTED_EDGE('',*,*,#852,.F.);
#388=ORIENTED_EDGE('',*,*,#900,.F.);
#389=ORIENTED_EDGE('',*,*,#901,.F.);
#390=ORIENTED_EDGE('',*,*,#899,.T.);
#391=ORIENTED_EDGE('',*,*,#902,.F.);
#392=ORIENTED_EDGE('',*,*,#900,.T.);
#393=ORIENTED_EDGE('',*,*,#851,.F.);
#394=ORIENTED_EDGE('',*,*,#849,.T.);
#395=ORIENTED_EDGE('',*,*,#880,.T.);
#396=ORIENTED_EDGE('',*,*,#903,.T.);
#397=ORIENTED_EDGE('',*,*,#861,.T.);
#398=ORIENTED_EDGE('',*,*,#891,.T.);
#399=ORIENTED_EDGE('',*,*,#904,.F.);
#400=ORIENTED_EDGE('',*,*,#828,.T.);
#401=ORIENTED_EDGE('',*,*,#905,.F.);
#402=ORIENTED_EDGE('',*,*,#906,.F.);
#403=ORIENTED_EDGE('',*,*,#904,.T.);
#404=ORIENTED_EDGE('',*,*,#832,.T.);
#405=ORIENTED_EDGE('',*,*,#907,.F.);
#406=ORIENTED_EDGE('',*,*,#908,.F.);
#407=ORIENTED_EDGE('',*,*,#905,.T.);
#408=ORIENTED_EDGE('',*,*,#824,.T.);
#409=ORIENTED_EDGE('',*,*,#909,.F.);
#410=ORIENTED_EDGE('',*,*,#910,.F.);
#411=ORIENTED_EDGE('',*,*,#907,.T.);
#412=ORIENTED_EDGE('',*,*,#909,.T.);
#413=ORIENTED_EDGE('',*,*,#890,.T.);
#414=ORIENTED_EDGE('',*,*,#864,.F.);
#415=ORIENTED_EDGE('',*,*,#911,.T.);
#416=ORIENTED_EDGE('',*,*,#898,.T.);
#417=ORIENTED_EDGE('',*,*,#912,.F.);
#418=ORIENTED_EDGE('',*,*,#913,.F.);
#419=ORIENTED_EDGE('',*,*,#839,.T.);
#420=ORIENTED_EDGE('',*,*,#901,.T.);
#421=ORIENTED_EDGE('',*,*,#914,.F.);
#422=ORIENTED_EDGE('',*,*,#915,.F.);
#423=ORIENTED_EDGE('',*,*,#912,.T.);
#424=ORIENTED_EDGE('',*,*,#902,.T.);
#425=ORIENTED_EDGE('',*,*,#834,.F.);
#426=ORIENTED_EDGE('',*,*,#916,.F.);
#427=ORIENTED_EDGE('',*,*,#914,.T.);
#428=ORIENTED_EDGE('',*,*,#903,.F.);
#429=ORIENTED_EDGE('',*,*,#906,.T.);
#430=ORIENTED_EDGE('',*,*,#908,.T.);
#431=ORIENTED_EDGE('',*,*,#910,.T.);
#432=ORIENTED_EDGE('',*,*,#911,.F.);
#433=ORIENTED_EDGE('',*,*,#812,.F.);
#434=ORIENTED_EDGE('',*,*,#913,.T.);
#435=ORIENTED_EDGE('',*,*,#915,.T.);
#436=ORIENTED_EDGE('',*,*,#916,.T.);
#437=ORIENTED_EDGE('',*,*,#809,.F.);
#438=ORIENTED_EDGE('',*,*,#917,.T.);
#439=ORIENTED_EDGE('',*,*,#918,.T.);
#440=ORIENTED_EDGE('',*,*,#817,.F.);
#441=ORIENTED_EDGE('',*,*,#799,.T.);
#442=ORIENTED_EDGE('',*,*,#803,.T.);
#443=ORIENTED_EDGE('',*,*,#877,.T.);
#444=ORIENTED_EDGE('',*,*,#805,.T.);
#445=ORIENTED_EDGE('',*,*,#796,.F.);
#446=ORIENTED_EDGE('',*,*,#821,.F.);
#447=ORIENTED_EDGE('',*,*,#919,.F.);
#448=ORIENTED_EDGE('',*,*,#920,.F.);
#449=ORIENTED_EDGE('',*,*,#875,.T.);
#450=ORIENTED_EDGE('',*,*,#921,.T.);
#451=ORIENTED_EDGE('',*,*,#823,.F.);
#452=ORIENTED_EDGE('',*,*,#794,.F.);
#453=ORIENTED_EDGE('',*,*,#804,.T.);
#454=ORIENTED_EDGE('',*,*,#876,.F.);
#455=ORIENTED_EDGE('',*,*,#920,.T.);
#456=ORIENTED_EDGE('',*,*,#822,.T.);
#457=ORIENTED_EDGE('',*,*,#878,.F.);
#458=ORIENTED_EDGE('',*,*,#858,.T.);
#459=ORIENTED_EDGE('',*,*,#807,.F.);
#460=ORIENTED_EDGE('',*,*,#921,.F.);
#461=ORIENTED_EDGE('',*,*,#874,.T.);
#462=ORIENTED_EDGE('',*,*,#870,.F.);
#463=ORIENTED_EDGE('',*,*,#922,.T.);
#464=ORIENTED_EDGE('',*,*,#815,.T.);
#465=ORIENTED_EDGE('',*,*,#923,.F.);
#466=ORIENTED_EDGE('',*,*,#867,.F.);
#467=ORIENTED_EDGE('',*,*,#871,.T.);
#468=ORIENTED_EDGE('',*,*,#923,.T.);
#469=ORIENTED_EDGE('',*,*,#814,.F.);
#470=ORIENTED_EDGE('',*,*,#863,.F.);
#471=ORIENTED_EDGE('',*,*,#869,.F.);
#472=ORIENTED_EDGE('',*,*,#801,.T.);
#473=ORIENTED_EDGE('',*,*,#797,.T.);
#474=ORIENTED_EDGE('',*,*,#816,.T.);
#475=ORIENTED_EDGE('',*,*,#922,.F.);
#476=ORIENTED_EDGE('',*,*,#924,.T.);
#477=ORIENTED_EDGE('',*,*,#925,.T.);
#478=ORIENTED_EDGE('',*,*,#926,.F.);
#479=ORIENTED_EDGE('',*,*,#927,.T.);
#480=ORIENTED_EDGE('',*,*,#926,.T.);
#481=ORIENTED_EDGE('',*,*,#928,.T.);
#482=ORIENTED_EDGE('',*,*,#929,.T.);
#483=ORIENTED_EDGE('',*,*,#930,.T.);
#484=ORIENTED_EDGE('',*,*,#931,.T.);
#485=ORIENTED_EDGE('',*,*,#932,.T.);
#486=ORIENTED_EDGE('',*,*,#933,.T.);
#487=ORIENTED_EDGE('',*,*,#934,.T.);
#488=ORIENTED_EDGE('',*,*,#844,.F.);
#489=ORIENTED_EDGE('',*,*,#935,.T.);
#490=ORIENTED_EDGE('',*,*,#781,.F.);
#491=ORIENTED_EDGE('',*,*,#936,.T.);
#492=ORIENTED_EDGE('',*,*,#842,.T.);
#493=ORIENTED_EDGE('',*,*,#786,.F.);
#494=ORIENTED_EDGE('',*,*,#937,.T.);
#495=ORIENTED_EDGE('',*,*,#924,.F.);
#496=ORIENTED_EDGE('',*,*,#935,.F.);
#497=ORIENTED_EDGE('',*,*,#843,.F.);
#498=ORIENTED_EDGE('',*,*,#936,.F.);
#499=ORIENTED_EDGE('',*,*,#927,.F.);
#500=ORIENTED_EDGE('',*,*,#938,.T.);
#501=ORIENTED_EDGE('',*,*,#939,.T.);
#502=ORIENTED_EDGE('',*,*,#940,.T.);
#503=ORIENTED_EDGE('',*,*,#941,.T.);
#504=ORIENTED_EDGE('',*,*,#942,.T.);
#505=ORIENTED_EDGE('',*,*,#943,.T.);
#506=ORIENTED_EDGE('',*,*,#782,.T.);
#507=ORIENTED_EDGE('',*,*,#944,.T.);
#508=ORIENTED_EDGE('',*,*,#945,.T.);
#509=ORIENTED_EDGE('',*,*,#946,.F.);
#510=ORIENTED_EDGE('',*,*,#938,.F.);
#511=ORIENTED_EDGE('',*,*,#946,.T.);
#512=ORIENTED_EDGE('',*,*,#947,.T.);
#513=ORIENTED_EDGE('',*,*,#948,.F.);
#514=ORIENTED_EDGE('',*,*,#939,.F.);
#515=ORIENTED_EDGE('',*,*,#948,.T.);
#516=ORIENTED_EDGE('',*,*,#949,.T.);
#517=ORIENTED_EDGE('',*,*,#950,.F.);
#518=ORIENTED_EDGE('',*,*,#940,.F.);
#519=ORIENTED_EDGE('',*,*,#950,.T.);
#520=ORIENTED_EDGE('',*,*,#951,.T.);
#521=ORIENTED_EDGE('',*,*,#952,.F.);
#522=ORIENTED_EDGE('',*,*,#941,.F.);
#523=ORIENTED_EDGE('',*,*,#952,.T.);
#524=ORIENTED_EDGE('',*,*,#953,.T.);
#525=ORIENTED_EDGE('',*,*,#954,.F.);
#526=ORIENTED_EDGE('',*,*,#942,.F.);
#527=ORIENTED_EDGE('',*,*,#954,.T.);
#528=ORIENTED_EDGE('',*,*,#955,.T.);
#529=ORIENTED_EDGE('',*,*,#944,.F.);
#530=ORIENTED_EDGE('',*,*,#943,.F.);
#531=ORIENTED_EDGE('',*,*,#956,.F.);
#532=ORIENTED_EDGE('',*,*,#930,.F.);
#533=ORIENTED_EDGE('',*,*,#957,.F.);
#534=ORIENTED_EDGE('',*,*,#951,.F.);
#535=ORIENTED_EDGE('',*,*,#957,.T.);
#536=ORIENTED_EDGE('',*,*,#929,.F.);
#537=ORIENTED_EDGE('',*,*,#958,.T.);
#538=ORIENTED_EDGE('',*,*,#959,.F.);
#539=ORIENTED_EDGE('',*,*,#953,.F.);
#540=ORIENTED_EDGE('',*,*,#956,.T.);
#541=ORIENTED_EDGE('',*,*,#949,.F.);
#542=ORIENTED_EDGE('',*,*,#960,.F.);
#543=ORIENTED_EDGE('',*,*,#931,.F.);
#544=ORIENTED_EDGE('',*,*,#959,.T.);
#545=ORIENTED_EDGE('',*,*,#961,.T.);
#546=ORIENTED_EDGE('',*,*,#962,.F.);
#547=ORIENTED_EDGE('',*,*,#955,.F.);
#548=ORIENTED_EDGE('',*,*,#960,.T.);
#549=ORIENTED_EDGE('',*,*,#947,.F.);
#550=ORIENTED_EDGE('',*,*,#963,.F.);
#551=ORIENTED_EDGE('',*,*,#932,.F.);
#552=ORIENTED_EDGE('',*,*,#962,.T.);
#553=ORIENTED_EDGE('',*,*,#964,.T.);
#554=ORIENTED_EDGE('',*,*,#933,.F.);
#555=ORIENTED_EDGE('',*,*,#963,.T.);
#556=ORIENTED_EDGE('',*,*,#945,.F.);
#557=ORIENTED_EDGE('',*,*,#937,.F.);
#558=ORIENTED_EDGE('',*,*,#785,.F.);
#559=ORIENTED_EDGE('',*,*,#965,.F.);
#560=ORIENTED_EDGE('',*,*,#925,.F.);
#561=ORIENTED_EDGE('',*,*,#965,.T.);
#562=ORIENTED_EDGE('',*,*,#784,.F.);
#563=ORIENTED_EDGE('',*,*,#845,.F.);
#564=ORIENTED_EDGE('',*,*,#934,.F.);
#565=ORIENTED_EDGE('',*,*,#964,.F.);
#566=ORIENTED_EDGE('',*,*,#961,.F.);
#567=ORIENTED_EDGE('',*,*,#958,.F.);
#568=ORIENTED_EDGE('',*,*,#928,.F.);
#569=ORIENTED_EDGE('',*,*,#966,.F.);
#570=ORIENTED_EDGE('',*,*,#967,.T.);
#571=ORIENTED_EDGE('',*,*,#818,.T.);
#572=ORIENTED_EDGE('',*,*,#918,.F.);
#573=ORIENTED_EDGE('',*,*,#919,.T.);
#574=ORIENTED_EDGE('',*,*,#820,.F.);
#575=ORIENTED_EDGE('',*,*,#968,.F.);
#576=ORIENTED_EDGE('',*,*,#969,.T.);
#577=ORIENTED_EDGE('',*,*,#969,.F.);
#578=ORIENTED_EDGE('',*,*,#970,.F.);
#579=ORIENTED_EDGE('',*,*,#966,.T.);
#580=ORIENTED_EDGE('',*,*,#917,.F.);
#581=ORIENTED_EDGE('',*,*,#819,.F.);
#582=ORIENTED_EDGE('',*,*,#967,.F.);
#583=ORIENTED_EDGE('',*,*,#970,.T.);
#584=ORIENTED_EDGE('',*,*,#968,.T.);
#585=ORIENTED_EDGE('',*,*,#971,.F.);
#586=ORIENTED_EDGE('',*,*,#972,.T.);
#587=ORIENTED_EDGE('',*,*,#973,.F.);
#588=ORIENTED_EDGE('',*,*,#974,.T.);
#589=ORIENTED_EDGE('',*,*,#975,.F.);
#590=ORIENTED_EDGE('',*,*,#976,.F.);
#591=ORIENTED_EDGE('',*,*,#977,.T.);
#592=ORIENTED_EDGE('',*,*,#978,.T.);
#593=ORIENTED_EDGE('',*,*,#979,.F.);
#594=ORIENTED_EDGE('',*,*,#980,.F.);
#595=ORIENTED_EDGE('',*,*,#981,.F.);
#596=ORIENTED_EDGE('',*,*,#982,.F.);
#597=ORIENTED_EDGE('',*,*,#983,.F.);
#598=ORIENTED_EDGE('',*,*,#980,.T.);
#599=ORIENTED_EDGE('',*,*,#984,.T.);
#600=ORIENTED_EDGE('',*,*,#985,.F.);
#601=ORIENTED_EDGE('',*,*,#986,.F.);
#602=ORIENTED_EDGE('',*,*,#985,.T.);
#603=ORIENTED_EDGE('',*,*,#987,.F.);
#604=ORIENTED_EDGE('',*,*,#988,.T.);
#605=ORIENTED_EDGE('',*,*,#989,.T.);
#606=ORIENTED_EDGE('',*,*,#990,.F.);
#607=ORIENTED_EDGE('',*,*,#991,.F.);
#608=ORIENTED_EDGE('',*,*,#990,.T.);
#609=ORIENTED_EDGE('',*,*,#992,.T.);
#610=ORIENTED_EDGE('',*,*,#974,.F.);
#611=ORIENTED_EDGE('',*,*,#993,.F.);
#612=ORIENTED_EDGE('',*,*,#994,.F.);
#613=ORIENTED_EDGE('',*,*,#976,.T.);
#614=ORIENTED_EDGE('',*,*,#995,.T.);
#615=ORIENTED_EDGE('',*,*,#996,.F.);
#616=ORIENTED_EDGE('',*,*,#997,.F.);
#617=ORIENTED_EDGE('',*,*,#993,.T.);
#618=ORIENTED_EDGE('',*,*,#998,.T.);
#619=ORIENTED_EDGE('',*,*,#978,.F.);
#620=ORIENTED_EDGE('',*,*,#999,.F.);
#621=ORIENTED_EDGE('',*,*,#996,.T.);
#622=ORIENTED_EDGE('',*,*,#1000,.T.);
#623=ORIENTED_EDGE('',*,*,#1001,.F.);
#624=ORIENTED_EDGE('',*,*,#984,.F.);
#625=ORIENTED_EDGE('',*,*,#979,.T.);
#626=ORIENTED_EDGE('',*,*,#1000,.F.);
#627=ORIENTED_EDGE('',*,*,#998,.F.);
#628=ORIENTED_EDGE('',*,*,#995,.F.);
#629=ORIENTED_EDGE('',*,*,#975,.T.);
#630=ORIENTED_EDGE('',*,*,#992,.F.);
#631=ORIENTED_EDGE('',*,*,#1002,.F.);
#632=ORIENTED_EDGE('',*,*,#1003,.F.);
#633=ORIENTED_EDGE('',*,*,#1004,.T.);
#634=ORIENTED_EDGE('',*,*,#1005,.T.);
#635=ORIENTED_EDGE('',*,*,#981,.T.);
#636=ORIENTED_EDGE('',*,*,#983,.T.);
#637=ORIENTED_EDGE('',*,*,#986,.T.);
#638=ORIENTED_EDGE('',*,*,#991,.T.);
#639=ORIENTED_EDGE('',*,*,#973,.T.);
#640=ORIENTED_EDGE('',*,*,#1006,.T.);
#641=ORIENTED_EDGE('',*,*,#977,.F.);
#642=ORIENTED_EDGE('',*,*,#994,.T.);
#643=ORIENTED_EDGE('',*,*,#997,.T.);
#644=ORIENTED_EDGE('',*,*,#999,.T.);
#645=ORIENTED_EDGE('',*,*,#1003,.T.);
#646=ORIENTED_EDGE('',*,*,#1007,.F.);
#647=ORIENTED_EDGE('',*,*,#1008,.F.);
#648=ORIENTED_EDGE('',*,*,#1009,.T.);
#649=ORIENTED_EDGE('',*,*,#1002,.T.);
#650=ORIENTED_EDGE('',*,*,#989,.F.);
#651=ORIENTED_EDGE('',*,*,#1010,.F.);
#652=ORIENTED_EDGE('',*,*,#1007,.T.);
#653=ORIENTED_EDGE('',*,*,#1001,.T.);
#654=ORIENTED_EDGE('',*,*,#1009,.F.);
#655=ORIENTED_EDGE('',*,*,#1011,.F.);
#656=ORIENTED_EDGE('',*,*,#987,.T.);
#657=ORIENTED_EDGE('',*,*,#1008,.T.);
#658=ORIENTED_EDGE('',*,*,#1010,.T.);
#659=ORIENTED_EDGE('',*,*,#988,.F.);
#660=ORIENTED_EDGE('',*,*,#1011,.T.);
#661=ORIENTED_EDGE('',*,*,#972,.F.);
#662=ORIENTED_EDGE('',*,*,#1012,.F.);
#663=ORIENTED_EDGE('',*,*,#1013,.T.);
#664=ORIENTED_EDGE('',*,*,#1014,.T.);
#665=ORIENTED_EDGE('',*,*,#1015,.T.);
#666=ORIENTED_EDGE('',*,*,#1006,.F.);
#667=ORIENTED_EDGE('',*,*,#971,.T.);
#668=ORIENTED_EDGE('',*,*,#1016,.F.);
#669=ORIENTED_EDGE('',*,*,#1017,.F.);
#670=ORIENTED_EDGE('',*,*,#1012,.T.);
#671=ORIENTED_EDGE('',*,*,#982,.T.);
#672=ORIENTED_EDGE('',*,*,#1005,.F.);
#673=ORIENTED_EDGE('',*,*,#1018,.T.);
#674=ORIENTED_EDGE('',*,*,#1019,.F.);
#675=ORIENTED_EDGE('',*,*,#1020,.F.);
#676=ORIENTED_EDGE('',*,*,#1016,.T.);
#677=ORIENTED_EDGE('',*,*,#1021,.F.);
#678=ORIENTED_EDGE('',*,*,#1014,.F.);
#679=ORIENTED_EDGE('',*,*,#1022,.T.);
#680=ORIENTED_EDGE('',*,*,#1019,.T.);
#681=ORIENTED_EDGE('',*,*,#1013,.F.);
#682=ORIENTED_EDGE('',*,*,#1017,.T.);
#683=ORIENTED_EDGE('',*,*,#1020,.T.);
#684=ORIENTED_EDGE('',*,*,#1022,.F.);
#685=ORIENTED_EDGE('',*,*,#1015,.F.);
#686=ORIENTED_EDGE('',*,*,#1021,.T.);
#687=ORIENTED_EDGE('',*,*,#1018,.F.);
#688=ORIENTED_EDGE('',*,*,#1004,.F.);
#689=ORIENTED_EDGE('',*,*,#1023,.F.);
#690=ORIENTED_EDGE('',*,*,#1024,.T.);
#691=ORIENTED_EDGE('',*,*,#1025,.F.);
#692=ORIENTED_EDGE('',*,*,#1026,.F.);
#693=ORIENTED_EDGE('',*,*,#1027,.T.);
#694=ORIENTED_EDGE('',*,*,#1028,.T.);
#695=ORIENTED_EDGE('',*,*,#1029,.F.);
#696=ORIENTED_EDGE('',*,*,#1030,.F.);
#697=ORIENTED_EDGE('',*,*,#1031,.T.);
#698=ORIENTED_EDGE('',*,*,#1032,.T.);
#699=ORIENTED_EDGE('',*,*,#1033,.F.);
#700=ORIENTED_EDGE('',*,*,#1034,.F.);
#701=ORIENTED_EDGE('',*,*,#1035,.T.);
#702=ORIENTED_EDGE('',*,*,#1036,.T.);
#703=ORIENTED_EDGE('',*,*,#1037,.T.);
#704=ORIENTED_EDGE('',*,*,#1028,.F.);
#705=ORIENTED_EDGE('',*,*,#1038,.F.);
#706=ORIENTED_EDGE('',*,*,#1030,.T.);
#707=ORIENTED_EDGE('',*,*,#1039,.F.);
#708=ORIENTED_EDGE('',*,*,#1027,.F.);
#709=ORIENTED_EDGE('',*,*,#1040,.T.);
#710=ORIENTED_EDGE('',*,*,#1031,.F.);
#711=ORIENTED_EDGE('',*,*,#1038,.T.);
#712=ORIENTED_EDGE('',*,*,#1025,.T.);
#713=ORIENTED_EDGE('',*,*,#1037,.F.);
#714=ORIENTED_EDGE('',*,*,#1029,.T.);
#715=ORIENTED_EDGE('',*,*,#1041,.F.);
#716=ORIENTED_EDGE('',*,*,#1023,.T.);
#717=ORIENTED_EDGE('',*,*,#1042,.F.);
#718=ORIENTED_EDGE('',*,*,#1039,.T.);
#719=ORIENTED_EDGE('',*,*,#1024,.F.);
#720=ORIENTED_EDGE('',*,*,#1042,.T.);
#721=ORIENTED_EDGE('',*,*,#1026,.T.);
#722=ORIENTED_EDGE('',*,*,#1041,.T.);
#723=ORIENTED_EDGE('',*,*,#1036,.F.);
#724=ORIENTED_EDGE('',*,*,#1043,.T.);
#725=ORIENTED_EDGE('',*,*,#1044,.T.);
#726=ORIENTED_EDGE('',*,*,#1045,.F.);
#727=ORIENTED_EDGE('',*,*,#1032,.F.);
#728=ORIENTED_EDGE('',*,*,#1040,.F.);
#729=ORIENTED_EDGE('',*,*,#1045,.T.);
#730=ORIENTED_EDGE('',*,*,#1046,.F.);
#731=ORIENTED_EDGE('',*,*,#1047,.F.);
#732=ORIENTED_EDGE('',*,*,#1033,.T.);
#733=ORIENTED_EDGE('',*,*,#1044,.F.);
#734=ORIENTED_EDGE('',*,*,#1048,.F.);
#735=ORIENTED_EDGE('',*,*,#1049,.T.);
#736=ORIENTED_EDGE('',*,*,#1046,.T.);
#737=ORIENTED_EDGE('',*,*,#1043,.F.);
#738=ORIENTED_EDGE('',*,*,#1035,.F.);
#739=ORIENTED_EDGE('',*,*,#1050,.T.);
#740=ORIENTED_EDGE('',*,*,#1048,.T.);
#741=ORIENTED_EDGE('',*,*,#1034,.T.);
#742=ORIENTED_EDGE('',*,*,#1047,.T.);
#743=ORIENTED_EDGE('',*,*,#1049,.F.);
#744=ORIENTED_EDGE('',*,*,#1050,.F.);
#745=EDGE_CURVE('',#1051,#1052,#1248,.T.);
#746=EDGE_CURVE('',#1053,#1052,#1249,.T.);
#747=EDGE_CURVE('',#1054,#1053,#1250,.T.);
#748=EDGE_CURVE('',#1054,#1051,#1251,.T.);
#749=EDGE_CURVE('',#1055,#1051,#1252,.T.);
#750=EDGE_CURVE('',#1056,#1054,#1253,.T.);
#751=EDGE_CURVE('',#1056,#1055,#1254,.T.);
#752=EDGE_CURVE('',#1057,#1058,#1255,.T.);
#753=EDGE_CURVE('',#1058,#1059,#1256,.T.);
#754=EDGE_CURVE('',#1060,#1059,#1257,.T.);
#755=EDGE_CURVE('',#1057,#1060,#1258,.T.);
#756=EDGE_CURVE('',#1061,#1062,#1259,.T.);
#757=EDGE_CURVE('',#1062,#1058,#1260,.T.);
#758=EDGE_CURVE('',#1061,#1057,#1261,.T.);
#759=EDGE_CURVE('',#1063,#1064,#1262,.T.);
#760=EDGE_CURVE('',#1064,#1062,#1263,.T.);
#761=EDGE_CURVE('',#1063,#1061,#1264,.T.);
#762=EDGE_CURVE('',#1065,#1066,#1265,.T.);
#763=EDGE_CURVE('',#1055,#1066,#1266,.T.);
#764=EDGE_CURVE('',#1060,#1056,#1267,.T.);
#765=EDGE_CURVE('',#1059,#1064,#1268,.T.);
#766=EDGE_CURVE('',#1065,#1063,#1269,.T.);
#767=EDGE_CURVE('',#1067,#1066,#1270,.T.);
#768=EDGE_CURVE('',#1068,#1065,#1271,.T.);
#769=EDGE_CURVE('',#1068,#1067,#1272,.T.);
#770=EDGE_CURVE('',#1069,#1067,#1273,.T.);
#771=EDGE_CURVE('',#1070,#1068,#1274,.T.);
#772=EDGE_CURVE('',#1070,#1069,#1275,.T.);
#773=EDGE_CURVE('',#1071,#1069,#1276,.T.);
#774=EDGE_CURVE('',#1072,#1070,#1277,.T.);
#775=EDGE_CURVE('',#1072,#1071,#1278,.T.);
#776=EDGE_CURVE('',#1071,#1073,#1279,.T.);
#777=EDGE_CURVE('',#1072,#1074,#1280,.T.);
#778=EDGE_CURVE('',#1074,#1073,#1281,.T.);
#779=EDGE_CURVE('',#1073,#1052,#1282,.T.);
#780=EDGE_CURVE('',#1074,#1053,#1283,.T.);
#781=EDGE_CURVE('',#1075,#1075,#21,.T.);
#782=EDGE_CURVE('',#1076,#1076,#22,.F.);
#783=EDGE_CURVE('',#1077,#1078,#1284,.T.);
#784=EDGE_CURVE('',#1077,#1079,#1285,.F.);
#785=EDGE_CURVE('',#1079,#1080,#1286,.T.);
#786=EDGE_CURVE('',#1080,#1081,#1287,.T.);
#787=EDGE_CURVE('',#1082,#1081,#1288,.T.);
#788=EDGE_CURVE('',#1083,#1082,#23,.T.);
#789=EDGE_CURVE('',#1084,#1083,#1289,.T.);
#790=EDGE_CURVE('',#1084,#1085,#1290,.T.);
#791=EDGE_CURVE('',#1085,#1086,#1291,.T.);
#792=EDGE_CURVE('',#1078,#1086,#24,.T.);
#793=EDGE_CURVE('',#1087,#1088,#1292,.T.);
#794=EDGE_CURVE('',#1088,#1089,#1293,.T.);
#795=EDGE_CURVE('',#1090,#1089,#1294,.T.);
#796=EDGE_CURVE('',#1090,#1087,#1295,.T.);
#797=EDGE_CURVE('',#1091,#1092,#1296,.T.);
#798=EDGE_CURVE('',#1093,#1091,#1297,.T.);
#799=EDGE_CURVE('',#1094,#1093,#1298,.T.);
#800=EDGE_CURVE('',#1094,#1092,#1299,.T.);
#801=EDGE_CURVE('',#1095,#1091,#25,.F.);
#802=EDGE_CURVE('',#1096,#1095,#1300,.T.);
#803=EDGE_CURVE('',#1093,#1096,#26,.T.);
#804=EDGE_CURVE('',#1088,#1097,#27,.F.);
#805=EDGE_CURVE('',#1098,#1087,#28,.T.);
#806=EDGE_CURVE('',#1098,#1097,#1301,.T.);
#807=EDGE_CURVE('',#1099,#1100,#1302,.T.);
#808=EDGE_CURVE('',#1100,#1101,#1303,.T.);
#809=EDGE_CURVE('',#1101,#1102,#1304,.T.);
#810=EDGE_CURVE('',#1085,#1102,#1305,.F.);
#811=EDGE_CURVE('',#1084,#1103,#1306,.T.);
#812=EDGE_CURVE('',#1103,#1104,#1307,.T.);
#813=EDGE_CURVE('',#1105,#1104,#1308,.T.);
#814=EDGE_CURVE('',#1105,#1106,#1309,.T.);
#815=EDGE_CURVE('',#1107,#1106,#1310,.T.);
#816=EDGE_CURVE('',#1092,#1107,#1311,.T.);
#817=EDGE_CURVE('',#1094,#1108,#1312,.T.);
#818=EDGE_CURVE('',#1109,#1108,#1313,.T.);
#819=EDGE_CURVE('',#1109,#1110,#1314,.T.);
#820=EDGE_CURVE('',#1110,#1111,#1315,.T.);
#821=EDGE_CURVE('',#1111,#1090,#1316,.T.);
#822=EDGE_CURVE('',#1112,#1089,#1317,.T.);
#823=EDGE_CURVE('',#1112,#1099,#1318,.T.);
#824=EDGE_CURVE('',#1113,#1114,#29,.F.);
#825=EDGE_CURVE('',#1115,#1113,#30,.T.);
#826=EDGE_CURVE('',#1116,#1115,#31,.F.);
#827=EDGE_CURVE('',#1116,#1114,#32,.T.);
#828=EDGE_CURVE('',#1117,#1118,#33,.F.);
#829=EDGE_CURVE('',#1117,#1119,#34,.T.);
#830=EDGE_CURVE('',#1120,#1119,#35,.F.);
#831=EDGE_CURVE('',#1118,#1120,#36,.T.);
#832=EDGE_CURVE('',#1118,#1113,#1319,.F.);
#833=EDGE_CURVE('',#1115,#1120,#1320,.T.);
#834=EDGE_CURVE('',#1102,#1121,#1321,.T.);
#835=EDGE_CURVE('',#1121,#1122,#1322,.T.);
#836=EDGE_CURVE('',#1086,#1122,#1323,.T.);
#837=EDGE_CURVE('',#1083,#1123,#1324,.F.);
#838=EDGE_CURVE('',#1123,#1124,#1325,.F.);
#839=EDGE_CURVE('',#1103,#1124,#1326,.T.);
#840=EDGE_CURVE('',#1082,#1125,#1327,.T.);
#841=EDGE_CURVE('',#1125,#1123,#37,.F.);
#842=EDGE_CURVE('',#1126,#1081,#1328,.T.);
#843=EDGE_CURVE('',#1126,#1127,#1329,.T.);
#844=EDGE_CURVE('',#1127,#1128,#1330,.T.);
#845=EDGE_CURVE('',#1128,#1077,#38,.F.);
#846=EDGE_CURVE('',#1078,#1129,#1331,.F.);
#847=EDGE_CURVE('',#1129,#1125,#1332,.F.);
#848=EDGE_CURVE('',#1122,#1129,#39,.F.);
#849=EDGE_CURVE('',#1130,#1130,#40,.T.);
#850=EDGE_CURVE('',#1131,#1132,#1333,.F.);
#851=EDGE_CURVE('',#1132,#1133,#41,.T.);
#852=EDGE_CURVE('',#1133,#1134,#1334,.F.);
#853=EDGE_CURVE('',#1134,#1135,#42,.T.);
#854=EDGE_CURVE('',#1135,#1136,#1335,.T.);
#855=EDGE_CURVE('',#1136,#1137,#43,.T.);
#856=EDGE_CURVE('',#1137,#1138,#1336,.T.);
#857=EDGE_CURVE('',#1138,#1131,#44,.T.);
#858=EDGE_CURVE('',#1139,#1100,#1337,.T.);
#859=EDGE_CURVE('',#1139,#1140,#1338,.T.);
#860=EDGE_CURVE('',#1140,#1141,#1339,.F.);
#861=EDGE_CURVE('',#1101,#1141,#1340,.T.);
#862=EDGE_CURVE('',#1142,#1143,#1341,.T.);
#863=EDGE_CURVE('',#1142,#1105,#1342,.T.);
#864=EDGE_CURVE('',#1104,#1144,#1343,.T.);
#865=EDGE_CURVE('',#1144,#1143,#1344,.T.);
#866=EDGE_CURVE('',#1145,#1146,#1345,.T.);
#867=EDGE_CURVE('',#1145,#1142,#45,.F.);
#868=EDGE_CURVE('',#1143,#1146,#46,.T.);
#869=EDGE_CURVE('',#1095,#1147,#1346,.T.);
#870=EDGE_CURVE('',#1147,#1148,#1347,.T.);
#871=EDGE_CURVE('',#1145,#1148,#1348,.T.);
#872=EDGE_CURVE('',#1146,#1149,#1349,.T.);
#873=EDGE_CURVE('',#1150,#1149,#1350,.T.);
#874=EDGE_CURVE('',#1151,#1150,#1351,.T.);
#875=EDGE_CURVE('',#1152,#1151,#1352,.T.);
#876=EDGE_CURVE('',#1152,#1097,#1353,.T.);
#877=EDGE_CURVE('',#1096,#1098,#1354,.T.);
#878=EDGE_CURVE('',#1139,#1150,#47,.F.);
#879=EDGE_CURVE('',#1149,#1140,#48,.T.);
#880=EDGE_CURVE('',#1153,#1153,#49,.T.);
#881=EDGE_CURVE('',#1119,#1154,#1355,.T.);
#882=EDGE_CURVE('',#1154,#1155,#50,.F.);
#883=EDGE_CURVE('',#1155,#1156,#1356,.F.);
#884=EDGE_CURVE('',#1156,#1157,#51,.F.);
#885=EDGE_CURVE('',#1157,#1116,#1357,.F.);
#886=EDGE_CURVE('',#1149,#1155,#52,.T.);
#887=EDGE_CURVE('',#1156,#1146,#53,.T.);
#888=EDGE_CURVE('',#1157,#1143,#54,.T.);
#889=EDGE_CURVE('',#1140,#1154,#55,.T.);
#890=EDGE_CURVE('',#1114,#1144,#56,.F.);
#891=EDGE_CURVE('',#1141,#1117,#57,.T.);
#892=EDGE_CURVE('',#1123,#1136,#58,.T.);
#893=EDGE_CURVE('',#1137,#1125,#59,.T.);
#894=EDGE_CURVE('',#1138,#1129,#60,.T.);
#895=EDGE_CURVE('',#1124,#1135,#61,.T.);
#896=EDGE_CURVE('',#1131,#1122,#62,.T.);
#897=EDGE_CURVE('',#1158,#1134,#63,.T.);
#898=EDGE_CURVE('',#1124,#1158,#64,.F.);
#899=EDGE_CURVE('',#1132,#1121,#65,.T.);
#900=EDGE_CURVE('',#1159,#1133,#66,.T.);
#901=EDGE_CURVE('',#1158,#1159,#1358,.T.);
#902=EDGE_CURVE('',#1159,#1121,#67,.F.);
#903=EDGE_CURVE('',#1160,#1101,#1359,.T.);
#904=EDGE_CURVE('',#1160,#1117,#1360,.T.);
#905=EDGE_CURVE('',#1161,#1118,#1361,.T.);
#906=EDGE_CURVE('',#1160,#1161,#68,.F.);
#907=EDGE_CURVE('',#1162,#1113,#1362,.T.);
#908=EDGE_CURVE('',#1161,#1162,#1363,.F.);
#909=EDGE_CURVE('',#1163,#1114,#1364,.T.);
#910=EDGE_CURVE('',#1162,#1163,#69,.F.);
#911=EDGE_CURVE('',#1104,#1163,#1365,.T.);
#912=EDGE_CURVE('',#1164,#1158,#1366,.T.);
#913=EDGE_CURVE('',#1103,#1164,#70,.F.);
#914=EDGE_CURVE('',#1165,#1159,#1367,.T.);
#915=EDGE_CURVE('',#1164,#1165,#1368,.T.);
#916=EDGE_CURVE('',#1165,#1102,#71,.F.);
#917=EDGE_CURVE('',#1166,#1167,#1369,.T.);
#918=EDGE_CURVE('',#1167,#1108,#1370,.T.);
#919=EDGE_CURVE('',#1166,#1111,#1371,.T.);
#920=EDGE_CURVE('',#1152,#1112,#1372,.T.);
#921=EDGE_CURVE('',#1151,#1099,#1373,.T.);
#922=EDGE_CURVE('',#1147,#1107,#1374,.T.);
#923=EDGE_CURVE('',#1148,#1106,#1375,.T.);
#924=EDGE_CURVE('',#1168,#1169,#1376,.T.);
#925=EDGE_CURVE('',#1169,#1170,#1377,.F.);
#926=EDGE_CURVE('',#1171,#1170,#1378,.T.);
#927=EDGE_CURVE('',#1171,#1168,#1379,.T.);
#928=EDGE_CURVE('',#1170,#1172,#1380,.T.);
#929=EDGE_CURVE('',#1172,#1173,#1381,.T.);
#930=EDGE_CURVE('',#1173,#1174,#1382,.T.);
#931=EDGE_CURVE('',#1174,#1175,#1383,.T.);
#932=EDGE_CURVE('',#1175,#1176,#1384,.T.);
#933=EDGE_CURVE('',#1176,#1177,#1385,.T.);
#934=EDGE_CURVE('',#1177,#1128,#1386,.T.);
#935=EDGE_CURVE('',#1127,#1171,#72,.F.);
#936=EDGE_CURVE('',#1168,#1126,#73,.T.);
#937=EDGE_CURVE('',#1080,#1169,#74,.F.);
#938=EDGE_CURVE('',#1178,#1179,#1387,.T.);
#939=EDGE_CURVE('',#1179,#1180,#1388,.T.);
#940=EDGE_CURVE('',#1180,#1181,#1389,.T.);
#941=EDGE_CURVE('',#1181,#1182,#1390,.T.);
#942=EDGE_CURVE('',#1182,#1183,#1391,.T.);
#943=EDGE_CURVE('',#1183,#1178,#1392,.T.);
#944=EDGE_CURVE('',#1178,#1184,#1393,.T.);
#945=EDGE_CURVE('',#1184,#1185,#1394,.T.);
#946=EDGE_CURVE('',#1179,#1185,#1395,.T.);
#947=EDGE_CURVE('',#1185,#1186,#1396,.T.);
#948=EDGE_CURVE('',#1180,#1186,#1397,.T.);
#949=EDGE_CURVE('',#1186,#1187,#1398,.T.);
#950=EDGE_CURVE('',#1181,#1187,#1399,.T.);
#951=EDGE_CURVE('',#1187,#1188,#1400,.T.);
#952=EDGE_CURVE('',#1182,#1188,#1401,.T.);
#953=EDGE_CURVE('',#1188,#1189,#1402,.T.);
#954=EDGE_CURVE('',#1183,#1189,#1403,.T.);
#955=EDGE_CURVE('',#1189,#1184,#1404,.T.);
#956=EDGE_CURVE('',#1174,#1187,#1405,.T.);
#957=EDGE_CURVE('',#1188,#1173,#1406,.F.);
#958=EDGE_CURVE('',#1172,#1190,#10,.T.);
#959=EDGE_CURVE('',#1189,#1190,#1407,.F.);
#960=EDGE_CURVE('',#1175,#1186,#1408,.T.);
#961=EDGE_CURVE('',#1190,#1191,#1409,.T.);
#962=EDGE_CURVE('',#1184,#1191,#1410,.F.);
#963=EDGE_CURVE('',#1176,#1185,#1411,.F.);
#964=EDGE_CURVE('',#1191,#1177,#11,.T.);
#965=EDGE_CURVE('',#1170,#1079,#12,.F.);
#966=EDGE_CURVE('',#1192,#1167,#1412,.T.);
#967=EDGE_CURVE('',#1192,#1109,#1413,.T.);
#968=EDGE_CURVE('',#1193,#1110,#1414,.T.);
#969=EDGE_CURVE('',#1193,#1166,#1415,.T.);
#970=EDGE_CURVE('',#1192,#1193,#1416,.T.);
#971=EDGE_CURVE('',#1194,#1195,#1417,.T.);
#972=EDGE_CURVE('',#1194,#1196,#1418,.T.);
#973=EDGE_CURVE('',#1197,#1196,#1419,.T.);
#974=EDGE_CURVE('',#1197,#1198,#1420,.T.);
#975=EDGE_CURVE('',#1199,#1198,#1421,.T.);
#976=EDGE_CURVE('',#1200,#1199,#1422,.T.);
#977=EDGE_CURVE('',#1200,#1201,#1423,.T.);
#978=EDGE_CURVE('',#1201,#1202,#1424,.T.);
#979=EDGE_CURVE('',#1203,#1202,#1425,.T.);
#980=EDGE_CURVE('',#1204,#1203,#1426,.T.);
#981=EDGE_CURVE('',#1205,#1204,#1427,.T.);
#982=EDGE_CURVE('',#1195,#1205,#1428,.T.);
#983=EDGE_CURVE('',#1204,#1206,#75,.F.);
#984=EDGE_CURVE('',#1203,#1207,#76,.F.);
#985=EDGE_CURVE('',#1206,#1207,#1429,.T.);
#986=EDGE_CURVE('',#1206,#1208,#1430,.T.);
#987=EDGE_CURVE('',#1209,#1207,#1431,.T.);
#988=EDGE_CURVE('',#1209,#1210,#1432,.T.);
#989=EDGE_CURVE('',#1210,#1211,#1433,.T.);
#990=EDGE_CURVE('',#1208,#1211,#1434,.T.);
#991=EDGE_CURVE('',#1208,#1197,#77,.F.);
#992=EDGE_CURVE('',#1211,#1198,#78,.F.);
#993=EDGE_CURVE('',#1212,#1213,#1435,.T.);
#994=EDGE_CURVE('',#1200,#1212,#79,.T.);
#995=EDGE_CURVE('',#1199,#1213,#80,.F.);
#996=EDGE_CURVE('',#1214,#1215,#1436,.T.);
#997=EDGE_CURVE('',#1212,#1214,#1437,.T.);
#998=EDGE_CURVE('',#1213,#1215,#1438,.T.);
#999=EDGE_CURVE('',#1214,#1201,#81,.T.);
#1000=EDGE_CURVE('',#1215,#1202,#82,.F.);
#1001=EDGE_CURVE('',#1207,#1216,#83,.T.);
#1002=EDGE_CURVE('',#1217,#1211,#84,.T.);
#1003=EDGE_CURVE('',#1216,#1217,#1439,.T.);
#1004=EDGE_CURVE('',#1218,#1219,#1440,.T.);
#1005=EDGE_CURVE('',#1219,#1205,#1441,.T.);
#1006=EDGE_CURVE('',#1196,#1218,#1442,.T.);
#1007=EDGE_CURVE('',#1220,#1217,#1443,.T.);
#1008=EDGE_CURVE('',#1221,#1220,#1444,.T.);
#1009=EDGE_CURVE('',#1221,#1216,#1445,.T.);
#1010=EDGE_CURVE('',#1220,#1210,#85,.T.);
#1011=EDGE_CURVE('',#1209,#1221,#86,.T.);
#1012=EDGE_CURVE('',#1222,#1194,#1446,.T.);
#1013=EDGE_CURVE('',#1222,#1223,#1447,.T.);
#1014=EDGE_CURVE('',#1223,#1224,#1448,.T.);
#1015=EDGE_CURVE('',#1224,#1218,#1449,.F.);
#1016=EDGE_CURVE('',#1225,#1195,#1450,.T.);
#1017=EDGE_CURVE('',#1222,#1225,#1451,.T.);
#1018=EDGE_CURVE('',#1219,#1226,#1452,.F.);
#1019=EDGE_CURVE('',#1227,#1226,#1453,.T.);
#1020=EDGE_CURVE('',#1225,#1227,#1454,.T.);
#1021=EDGE_CURVE('',#1224,#1226,#1455,.T.);
#1022=EDGE_CURVE('',#1223,#1227,#1456,.T.);
#1023=EDGE_CURVE('',#1228,#1228,#87,.T.);
#1024=EDGE_CURVE('',#1229,#1229,#88,.T.);
#1025=EDGE_CURVE('',#1230,#1231,#1457,.T.);
#1026=EDGE_CURVE('',#1232,#1230,#1458,.T.);
#1027=EDGE_CURVE('',#1232,#1233,#1459,.T.);
#1028=EDGE_CURVE('',#1233,#1231,#1460,.T.);
#1029=EDGE_CURVE('',#1234,#1235,#1461,.T.);
#1030=EDGE_CURVE('',#1236,#1234,#1462,.T.);
#1031=EDGE_CURVE('',#1236,#1237,#1463,.T.);
#1032=EDGE_CURVE('',#1237,#1238,#1464,.T.);
#1033=EDGE_CURVE('',#1239,#1238,#1465,.T.);
#1034=EDGE_CURVE('',#1240,#1239,#1466,.T.);
#1035=EDGE_CURVE('',#1240,#1241,#1467,.T.);
#1036=EDGE_CURVE('',#1241,#1235,#1468,.T.);
#1037=EDGE_CURVE('',#1234,#1231,#89,.T.);
#1038=EDGE_CURVE('',#1236,#1233,#90,.T.);
#1039=EDGE_CURVE('',#1242,#1242,#91,.T.);
#1040=EDGE_CURVE('',#1232,#1237,#1469,.T.);
#1041=EDGE_CURVE('',#1230,#1235,#1470,.T.);
#1042=EDGE_CURVE('',#1243,#1243,#92,.T.);
#1043=EDGE_CURVE('',#1241,#1244,#1471,.T.);
#1044=EDGE_CURVE('',#1244,#1245,#1472,.T.);
#1045=EDGE_CURVE('',#1238,#1245,#1473,.T.);
#1046=EDGE_CURVE('',#1246,#1245,#1474,.T.);
#1047=EDGE_CURVE('',#1239,#1246,#1475,.T.);
#1048=EDGE_CURVE('',#1247,#1244,#1476,.T.);
#1049=EDGE_CURVE('',#1247,#1246,#1477,.T.);
#1050=EDGE_CURVE('',#1240,#1247,#1478,.T.);
#1051=VERTEX_POINT('',#3065);
#1052=VERTEX_POINT('',#3066);
#1053=VERTEX_POINT('',#3068);
#1054=VERTEX_POINT('',#3070);
#1055=VERTEX_POINT('',#3074);
#1056=VERTEX_POINT('',#3076);
#1057=VERTEX_POINT('',#3080);
#1058=VERTEX_POINT('',#3081);
#1059=VERTEX_POINT('',#3083);
#1060=VERTEX_POINT('',#3085);
#1061=VERTEX_POINT('',#3089);
#1062=VERTEX_POINT('',#3090);
#1063=VERTEX_POINT('',#3095);
#1064=VERTEX_POINT('',#3096);
#1065=VERTEX_POINT('',#3101);
#1066=VERTEX_POINT('',#3102);
#1067=VERTEX_POINT('',#3109);
#1068=VERTEX_POINT('',#3111);
#1069=VERTEX_POINT('',#3115);
#1070=VERTEX_POINT('',#3117);
#1071=VERTEX_POINT('',#3121);
#1072=VERTEX_POINT('',#3123);
#1073=VERTEX_POINT('',#3127);
#1074=VERTEX_POINT('',#3129);
#1075=VERTEX_POINT('',#3140);
#1076=VERTEX_POINT('',#3142);
#1077=VERTEX_POINT('',#3145);
#1078=VERTEX_POINT('',#3146);
#1079=VERTEX_POINT('',#3148);
#1080=VERTEX_POINT('',#3150);
#1081=VERTEX_POINT('',#3152);
#1082=VERTEX_POINT('',#3154);
#1083=VERTEX_POINT('',#3156);
#1084=VERTEX_POINT('',#3158);
#1085=VERTEX_POINT('',#3160);
#1086=VERTEX_POINT('',#3162);
#1087=VERTEX_POINT('',#3166);
#1088=VERTEX_POINT('',#3167);
#1089=VERTEX_POINT('',#3169);
#1090=VERTEX_POINT('',#3171);
#1091=VERTEX_POINT('',#3175);
#1092=VERTEX_POINT('',#3176);
#1093=VERTEX_POINT('',#3178);
#1094=VERTEX_POINT('',#3180);
#1095=VERTEX_POINT('',#3184);
#1096=VERTEX_POINT('',#3186);
#1097=VERTEX_POINT('',#3190);
#1098=VERTEX_POINT('',#3192);
#1099=VERTEX_POINT('',#3196);
#1100=VERTEX_POINT('',#3197);
#1101=VERTEX_POINT('',#3199);
#1102=VERTEX_POINT('',#3201);
#1103=VERTEX_POINT('',#3204);
#1104=VERTEX_POINT('',#3206);
#1105=VERTEX_POINT('',#3208);
#1106=VERTEX_POINT('',#3210);
#1107=VERTEX_POINT('',#3212);
#1108=VERTEX_POINT('',#3215);
#1109=VERTEX_POINT('',#3217);
#1110=VERTEX_POINT('',#3219);
#1111=VERTEX_POINT('',#3221);
#1112=VERTEX_POINT('',#3224);
#1113=VERTEX_POINT('',#3228);
#1114=VERTEX_POINT('',#3229);
#1115=VERTEX_POINT('',#3231);
#1116=VERTEX_POINT('',#3233);
#1117=VERTEX_POINT('',#3237);
#1118=VERTEX_POINT('',#3238);
#1119=VERTEX_POINT('',#3240);
#1120=VERTEX_POINT('',#3242);
#1121=VERTEX_POINT('',#3249);
#1122=VERTEX_POINT('',#3251);
#1123=VERTEX_POINT('',#3255);
#1124=VERTEX_POINT('',#3257);
#1125=VERTEX_POINT('',#3261);
#1126=VERTEX_POINT('',#3265);
#1127=VERTEX_POINT('',#3267);
#1128=VERTEX_POINT('',#3269);
#1129=VERTEX_POINT('',#3272);
#1130=VERTEX_POINT('',#3278);
#1131=VERTEX_POINT('',#3280);
#1132=VERTEX_POINT('',#3281);
#1133=VERTEX_POINT('',#3283);
#1134=VERTEX_POINT('',#3285);
#1135=VERTEX_POINT('',#3287);
#1136=VERTEX_POINT('',#3289);
#1137=VERTEX_POINT('',#3291);
#1138=VERTEX_POINT('',#3293);
#1139=VERTEX_POINT('',#3297);
#1140=VERTEX_POINT('',#3299);
#1141=VERTEX_POINT('',#3301);
#1142=VERTEX_POINT('',#3305);
#1143=VERTEX_POINT('',#3306);
#1144=VERTEX_POINT('',#3309);
#1145=VERTEX_POINT('',#3313);
#1146=VERTEX_POINT('',#3314);
#1147=VERTEX_POINT('',#3319);
#1148=VERTEX_POINT('',#3321);
#1149=VERTEX_POINT('',#3324);
#1150=VERTEX_POINT('',#3326);
#1151=VERTEX_POINT('',#3328);
#1152=VERTEX_POINT('',#3330);
#1153=VERTEX_POINT('',#3338);
#1154=VERTEX_POINT('',#3340);
#1155=VERTEX_POINT('',#3342);
#1156=VERTEX_POINT('',#3344);
#1157=VERTEX_POINT('',#3346);
#1158=VERTEX_POINT('',#3370);
#1159=VERTEX_POINT('',#3376);
#1160=VERTEX_POINT('',#3383);
#1161=VERTEX_POINT('',#3387);
#1162=VERTEX_POINT('',#3391);
#1163=VERTEX_POINT('',#3395);
#1164=VERTEX_POINT('',#3401);
#1165=VERTEX_POINT('',#3405);
#1166=VERTEX_POINT('',#3412);
#1167=VERTEX_POINT('',#3413);
#1168=VERTEX_POINT('',#3428);
#1169=VERTEX_POINT('',#3429);
#1170=VERTEX_POINT('',#3431);
#1171=VERTEX_POINT('',#3433);
#1172=VERTEX_POINT('',#3437);
#1173=VERTEX_POINT('',#3439);
#1174=VERTEX_POINT('',#3441);
#1175=VERTEX_POINT('',#3443);
#1176=VERTEX_POINT('',#3445);
#1177=VERTEX_POINT('',#3447);
#1178=VERTEX_POINT('',#3456);
#1179=VERTEX_POINT('',#3457);
#1180=VERTEX_POINT('',#3459);
#1181=VERTEX_POINT('',#3461);
#1182=VERTEX_POINT('',#3463);
#1183=VERTEX_POINT('',#3465);
#1184=VERTEX_POINT('',#3469);
#1185=VERTEX_POINT('',#3471);
#1186=VERTEX_POINT('',#3475);
#1187=VERTEX_POINT('',#3479);
#1188=VERTEX_POINT('',#3483);
#1189=VERTEX_POINT('',#3487);
#1190=VERTEX_POINT('',#3496);
#1191=VERTEX_POINT('',#3502);
#1192=VERTEX_POINT('',#3513);
#1193=VERTEX_POINT('',#3517);
#1194=VERTEX_POINT('',#3525);
#1195=VERTEX_POINT('',#3526);
#1196=VERTEX_POINT('',#3528);
#1197=VERTEX_POINT('',#3530);
#1198=VERTEX_POINT('',#3532);
#1199=VERTEX_POINT('',#3534);
#1200=VERTEX_POINT('',#3536);
#1201=VERTEX_POINT('',#3538);
#1202=VERTEX_POINT('',#3540);
#1203=VERTEX_POINT('',#3542);
#1204=VERTEX_POINT('',#3544);
#1205=VERTEX_POINT('',#3546);
#1206=VERTEX_POINT('',#3550);
#1207=VERTEX_POINT('',#3552);
#1208=VERTEX_POINT('',#3556);
#1209=VERTEX_POINT('',#3558);
#1210=VERTEX_POINT('',#3560);
#1211=VERTEX_POINT('',#3562);
#1212=VERTEX_POINT('',#3569);
#1213=VERTEX_POINT('',#3570);
#1214=VERTEX_POINT('',#3575);
#1215=VERTEX_POINT('',#3576);
#1216=VERTEX_POINT('',#3584);
#1217=VERTEX_POINT('',#3586);
#1218=VERTEX_POINT('',#3590);
#1219=VERTEX_POINT('',#3591);
#1220=VERTEX_POINT('',#3597);
#1221=VERTEX_POINT('',#3599);
#1222=VERTEX_POINT('',#3608);
#1223=VERTEX_POINT('',#3610);
#1224=VERTEX_POINT('',#3612);
#1225=VERTEX_POINT('',#3616);
#1226=VERTEX_POINT('',#3620);
#1227=VERTEX_POINT('',#3622);
#1228=VERTEX_POINT('',#3632);
#1229=VERTEX_POINT('',#3634);
#1230=VERTEX_POINT('',#3637);
#1231=VERTEX_POINT('',#3638);
#1232=VERTEX_POINT('',#3640);
#1233=VERTEX_POINT('',#3642);
#1234=VERTEX_POINT('',#3646);
#1235=VERTEX_POINT('',#3647);
#1236=VERTEX_POINT('',#3649);
#1237=VERTEX_POINT('',#3651);
#1238=VERTEX_POINT('',#3653);
#1239=VERTEX_POINT('',#3655);
#1240=VERTEX_POINT('',#3657);
#1241=VERTEX_POINT('',#3659);
#1242=VERTEX_POINT('',#3666);
#1243=VERTEX_POINT('',#3672);
#1244=VERTEX_POINT('',#3676);
#1245=VERTEX_POINT('',#3678);
#1246=VERTEX_POINT('',#3682);
#1247=VERTEX_POINT('',#3686);
#1248=LINE('',#3064,#1479);
#1249=LINE('',#3067,#1480);
#1250=LINE('',#3069,#1481);
#1251=LINE('',#3071,#1482);
#1252=LINE('',#3073,#1483);
#1253=LINE('',#3075,#1484);
#1254=LINE('',#3077,#1485);
#1255=LINE('',#3079,#1486);
#1256=LINE('',#3082,#1487);
#1257=LINE('',#3084,#1488);
#1258=LINE('',#3086,#1489);
#1259=LINE('',#3088,#1490);
#1260=LINE('',#3091,#1491);
#1261=LINE('',#3092,#1492);
#1262=LINE('',#3094,#1493);
#1263=LINE('',#3097,#1494);
#1264=LINE('',#3098,#1495);
#1265=LINE('',#3100,#1496);
#1266=LINE('',#3103,#1497);
#1267=LINE('',#3104,#1498);
#1268=LINE('',#3105,#1499);
#1269=LINE('',#3106,#1500);
#1270=LINE('',#3108,#1501);
#1271=LINE('',#3110,#1502);
#1272=LINE('',#3112,#1503);
#1273=LINE('',#3114,#1504);
#1274=LINE('',#3116,#1505);
#1275=LINE('',#3118,#1506);
#1276=LINE('',#3120,#1507);
#1277=LINE('',#3122,#1508);
#1278=LINE('',#3124,#1509);
#1279=LINE('',#3126,#1510);
#1280=LINE('',#3128,#1511);
#1281=LINE('',#3130,#1512);
#1282=LINE('',#3132,#1513);
#1283=LINE('',#3133,#1514);
#1284=LINE('',#3144,#1515);
#1285=LINE('',#3147,#1516);
#1286=LINE('',#3149,#1517);
#1287=LINE('',#3151,#1518);
#1288=LINE('',#3153,#1519);
#1289=LINE('',#3157,#1520);
#1290=LINE('',#3159,#1521);
#1291=LINE('',#3161,#1522);
#1292=LINE('',#3165,#1523);
#1293=LINE('',#3168,#1524);
#1294=LINE('',#3170,#1525);
#1295=LINE('',#3172,#1526);
#1296=LINE('',#3174,#1527);
#1297=LINE('',#3177,#1528);
#1298=LINE('',#3179,#1529);
#1299=LINE('',#3181,#1530);
#1300=LINE('',#3185,#1531);
#1301=LINE('',#3193,#1532);
#1302=LINE('',#3195,#1533);
#1303=LINE('',#3198,#1534);
#1304=LINE('',#3200,#1535);
#1305=LINE('',#3202,#1536);
#1306=LINE('',#3203,#1537);
#1307=LINE('',#3205,#1538);
#1308=LINE('',#3207,#1539);
#1309=LINE('',#3209,#1540);
#1310=LINE('',#3211,#1541);
#1311=LINE('',#3213,#1542);
#1312=LINE('',#3214,#1543);
#1313=LINE('',#3216,#1544);
#1314=LINE('',#3218,#1545);
#1315=LINE('',#3220,#1546);
#1316=LINE('',#3222,#1547);
#1317=LINE('',#3223,#1548);
#1318=LINE('',#3225,#1549);
#1319=LINE('',#3245,#1550);
#1320=LINE('',#3246,#1551);
#1321=LINE('',#3248,#1552);
#1322=LINE('',#3250,#1553);
#1323=LINE('',#3252,#1554);
#1324=LINE('',#3254,#1555);
#1325=LINE('',#3256,#1556);
#1326=LINE('',#3258,#1557);
#1327=LINE('',#3260,#1558);
#1328=LINE('',#3264,#1559);
#1329=LINE('',#3266,#1560);
#1330=LINE('',#3268,#1561);
#1331=LINE('',#3271,#1562);
#1332=LINE('',#3273,#1563);
#1333=LINE('',#3279,#1564);
#1334=LINE('',#3284,#1565);
#1335=LINE('',#3288,#1566);
#1336=LINE('',#3292,#1567);
#1337=LINE('',#3296,#1568);
#1338=LINE('',#3298,#1569);
#1339=LINE('',#3300,#1570);
#1340=LINE('',#3302,#1571);
#1341=LINE('',#3304,#1572);
#1342=LINE('',#3307,#1573);
#1343=LINE('',#3308,#1574);
#1344=LINE('',#3310,#1575);
#1345=LINE('',#3312,#1576);
#1346=LINE('',#3318,#1577);
#1347=LINE('',#3320,#1578);
#1348=LINE('',#3322,#1579);
#1349=LINE('',#3323,#1580);
#1350=LINE('',#3325,#1581);
#1351=LINE('',#3327,#1582);
#1352=LINE('',#3329,#1583);
#1353=LINE('',#3331,#1584);
#1354=LINE('',#3332,#1585);
#1355=LINE('',#3339,#1586);
#1356=LINE('',#3343,#1587);
#1357=LINE('',#3347,#1588);
#1358=LINE('',#3377,#1589);
#1359=LINE('',#3382,#1590);
#1360=LINE('',#3384,#1591);
#1361=LINE('',#3386,#1592);
#1362=LINE('',#3390,#1593);
#1363=LINE('',#3392,#1594);
#1364=LINE('',#3394,#1595);
#1365=LINE('',#3398,#1596);
#1366=LINE('',#3400,#1597);
#1367=LINE('',#3404,#1598);
#1368=LINE('',#3406,#1599);
#1369=LINE('',#3411,#1600);
#1370=LINE('',#3414,#1601);
#1371=LINE('',#3415,#1602);
#1372=LINE('',#3417,#1603);
#1373=LINE('',#3418,#1604);
#1374=LINE('',#3422,#1605);
#1375=LINE('',#3423,#1606);
#1376=LINE('',#3427,#1607);
#1377=LINE('',#3430,#1608);
#1378=LINE('',#3432,#1609);
#1379=LINE('',#3434,#1610);
#1380=LINE('',#3436,#1611);
#1381=LINE('',#3438,#1612);
#1382=LINE('',#3440,#1613);
#1383=LINE('',#3442,#1614);
#1384=LINE('',#3444,#1615);
#1385=LINE('',#3446,#1616);
#1386=LINE('',#3448,#1617);
#1387=LINE('',#3455,#1618);
#1388=LINE('',#3458,#1619);
#1389=LINE('',#3460,#1620);
#1390=LINE('',#3462,#1621);
#1391=LINE('',#3464,#1622);
#1392=LINE('',#3466,#1623);
#1393=LINE('',#3468,#1624);
#1394=LINE('',#3470,#1625);
#1395=LINE('',#3472,#1626);
#1396=LINE('',#3474,#1627);
#1397=LINE('',#3476,#1628);
#1398=LINE('',#3478,#1629);
#1399=LINE('',#3480,#1630);
#1400=LINE('',#3482,#1631);
#1401=LINE('',#3484,#1632);
#1402=LINE('',#3486,#1633);
#1403=LINE('',#3488,#1634);
#1404=LINE('',#3490,#1635);
#1405=LINE('',#3492,#1636);
#1406=LINE('',#3493,#1637);
#1407=LINE('',#3497,#1638);
#1408=LINE('',#3499,#1639);
#1409=LINE('',#3501,#1640);
#1410=LINE('',#3503,#1641);
#1411=LINE('',#3505,#1642);
#1412=LINE('',#3512,#1643);
#1413=LINE('',#3514,#1644);
#1414=LINE('',#3516,#1645);
#1415=LINE('',#3518,#1646);
#1416=LINE('',#3520,#1647);
#1417=LINE('',#3524,#1648);
#1418=LINE('',#3527,#1649);
#1419=LINE('',#3529,#1650);
#1420=LINE('',#3531,#1651);
#1421=LINE('',#3533,#1652);
#1422=LINE('',#3535,#1653);
#1423=LINE('',#3537,#1654);
#1424=LINE('',#3539,#1655);
#1425=LINE('',#3541,#1656);
#1426=LINE('',#3543,#1657);
#1427=LINE('',#3545,#1658);
#1428=LINE('',#3547,#1659);
#1429=LINE('',#3553,#1660);
#1430=LINE('',#3555,#1661);
#1431=LINE('',#3557,#1662);
#1432=LINE('',#3559,#1663);
#1433=LINE('',#3561,#1664);
#1434=LINE('',#3563,#1665);
#1435=LINE('',#3568,#1666);
#1436=LINE('',#3574,#1667);
#1437=LINE('',#3577,#1668);
#1438=LINE('',#3578,#1669);
#1439=LINE('',#3587,#1670);
#1440=LINE('',#3589,#1671);
#1441=LINE('',#3592,#1672);
#1442=LINE('',#3593,#1673);
#1443=LINE('',#3596,#1674);
#1444=LINE('',#3598,#1675);
#1445=LINE('',#3600,#1676);
#1446=LINE('',#3607,#1677);
#1447=LINE('',#3609,#1678);
#1448=LINE('',#3611,#1679);
#1449=LINE('',#3613,#1680);
#1450=LINE('',#3615,#1681);
#1451=LINE('',#3617,#1682);
#1452=LINE('',#3619,#1683);
#1453=LINE('',#3621,#1684);
#1454=LINE('',#3623,#1685);
#1455=LINE('',#3625,#1686);
#1456=LINE('',#3626,#1687);
#1457=LINE('',#3636,#1688);
#1458=LINE('',#3639,#1689);
#1459=LINE('',#3641,#1690);
#1460=LINE('',#3643,#1691);
#1461=LINE('',#3645,#1692);
#1462=LINE('',#3648,#1693);
#1463=LINE('',#3650,#1694);
#1464=LINE('',#3652,#1695);
#1465=LINE('',#3654,#1696);
#1466=LINE('',#3656,#1697);
#1467=LINE('',#3658,#1698);
#1468=LINE('',#3660,#1699);
#1469=LINE('',#3667,#1700);
#1470=LINE('',#3669,#1701);
#1471=LINE('',#3675,#1702);
#1472=LINE('',#3677,#1703);
#1473=LINE('',#3679,#1704);
#1474=LINE('',#3681,#1705);
#1475=LINE('',#3683,#1706);
#1476=LINE('',#3685,#1707);
#1477=LINE('',#3687,#1708);
#1478=LINE('',#3689,#1709);
#1479=VECTOR('',#2433,1.);
#1480=VECTOR('',#2434,1.);
#1481=VECTOR('',#2435,1.);
#1482=VECTOR('',#2436,1.);
#1483=VECTOR('',#2439,1.);
#1484=VECTOR('',#2440,1.);
#1485=VECTOR('',#2441,1.);
#1486=VECTOR('',#2444,1.);
#1487=VECTOR('',#2445,1.);
#1488=VECTOR('',#2446,1.);
#1489=VECTOR('',#2447,1.);
#1490=VECTOR('',#2450,1.);
#1491=VECTOR('',#2451,1.);
#1492=VECTOR('',#2452,1.);
#1493=VECTOR('',#2455,1.);
#1494=VECTOR('',#2456,1.);
#1495=VECTOR('',#2457,1.);
#1496=VECTOR('',#2460,1.);
#1497=VECTOR('',#2461,1.);
#1498=VECTOR('',#2462,1.);
#1499=VECTOR('',#2463,1.);
#1500=VECTOR('',#2464,1.);
#1501=VECTOR('',#2467,1.);
#1502=VECTOR('',#2468,1.);
#1503=VECTOR('',#2469,1.);
#1504=VECTOR('',#2472,1.);
#1505=VECTOR('',#2473,1.);
#1506=VECTOR('',#2474,1.);
#1507=VECTOR('',#2477,1.);
#1508=VECTOR('',#2478,1.);
#1509=VECTOR('',#2479,1.);
#1510=VECTOR('',#2482,1.);
#1511=VECTOR('',#2483,1.);
#1512=VECTOR('',#2484,1.);
#1513=VECTOR('',#2487,1.);
#1514=VECTOR('',#2488,1.);
#1515=VECTOR('',#2505,1.);
#1516=VECTOR('',#2506,1.);
#1517=VECTOR('',#2507,1.);
#1518=VECTOR('',#2508,1.);
#1519=VECTOR('',#2509,1.);
#1520=VECTOR('',#2512,1.);
#1521=VECTOR('',#2513,1.);
#1522=VECTOR('',#2514,1.);
#1523=VECTOR('',#2519,1.);
#1524=VECTOR('',#2520,1.);
#1525=VECTOR('',#2521,1.);
#1526=VECTOR('',#2522,1.);
#1527=VECTOR('',#2525,1.);
#1528=VECTOR('',#2526,1.);
#1529=VECTOR('',#2527,1.);
#1530=VECTOR('',#2528,1.);
#1531=VECTOR('',#2533,1.);
#1532=VECTOR('',#2542,1.);
#1533=VECTOR('',#2545,1.);
#1534=VECTOR('',#2546,1.);
#1535=VECTOR('',#2547,1.);
#1536=VECTOR('',#2548,1.);
#1537=VECTOR('',#2549,1.);
#1538=VECTOR('',#2550,1.);
#1539=VECTOR('',#2551,1.);
#1540=VECTOR('',#2552,1.);
#1541=VECTOR('',#2553,1.);
#1542=VECTOR('',#2554,1.);
#1543=VECTOR('',#2555,1.);
#1544=VECTOR('',#2556,1.);
#1545=VECTOR('',#2557,1.);
#1546=VECTOR('',#2558,1.);
#1547=VECTOR('',#2559,1.);
#1548=VECTOR('',#2560,1.);
#1549=VECTOR('',#2561,1.);
#1550=VECTOR('',#2584,1.);
#1551=VECTOR('',#2585,1.);
#1552=VECTOR('',#2588,1.);
#1553=VECTOR('',#2589,1.);
#1554=VECTOR('',#2590,1.);
#1555=VECTOR('',#2593,1.);
#1556=VECTOR('',#2594,1.);
#1557=VECTOR('',#2595,1.);
#1558=VECTOR('',#2598,1.);
#1559=VECTOR('',#2603,1.);
#1560=VECTOR('',#2604,1.);
#1561=VECTOR('',#2605,1.);
#1562=VECTOR('',#2608,1.);
#1563=VECTOR('',#2609,1.);
#1564=VECTOR('',#2618,1.);
#1565=VECTOR('',#2621,1.);
#1566=VECTOR('',#2624,1.);
#1567=VECTOR('',#2627,1.);
#1568=VECTOR('',#2632,1.);
#1569=VECTOR('',#2633,1.);
#1570=VECTOR('',#2634,1.);
#1571=VECTOR('',#2635,1.);
#1572=VECTOR('',#2638,1.);
#1573=VECTOR('',#2639,1.);
#1574=VECTOR('',#2640,1.);
#1575=VECTOR('',#2641,1.);
#1576=VECTOR('',#2644,1.);
#1577=VECTOR('',#2651,1.);
#1578=VECTOR('',#2652,1.);
#1579=VECTOR('',#2653,1.);
#1580=VECTOR('',#2654,1.);
#1581=VECTOR('',#2655,1.);
#1582=VECTOR('',#2656,1.);
#1583=VECTOR('',#2657,1.);
#1584=VECTOR('',#2658,1.);
#1585=VECTOR('',#2659,1.);
#1586=VECTOR('',#2670,1.);
#1587=VECTOR('',#2673,1.);
#1588=VECTOR('',#2676,1.);
#1589=VECTOR('',#2731,1.);
#1590=VECTOR('',#2740,1.);
#1591=VECTOR('',#2741,1.);
#1592=VECTOR('',#2744,1.);
#1593=VECTOR('',#2749,1.);
#1594=VECTOR('',#2750,1.);
#1595=VECTOR('',#2753,1.);
#1596=VECTOR('',#2758,1.);
#1597=VECTOR('',#2761,1.);
#1598=VECTOR('',#2766,1.);
#1599=VECTOR('',#2767,1.);
#1600=VECTOR('',#2776,1.);
#1601=VECTOR('',#2777,1.);
#1602=VECTOR('',#2778,1.);
#1603=VECTOR('',#2781,1.);
#1604=VECTOR('',#2782,1.);
#1605=VECTOR('',#2789,1.);
#1606=VECTOR('',#2790,1.);
#1607=VECTOR('',#2797,1.);
#1608=VECTOR('',#2798,1.);
#1609=VECTOR('',#2799,1.);
#1610=VECTOR('',#2800,1.);
#1611=VECTOR('',#2803,1.);
#1612=VECTOR('',#2804,1.);
#1613=VECTOR('',#2805,1.);
#1614=VECTOR('',#2806,1.);
#1615=VECTOR('',#2807,1.);
#1616=VECTOR('',#2808,1.);
#1617=VECTOR('',#2809,1.);
#1618=VECTOR('',#2822,1.);
#1619=VECTOR('',#2823,1.);
#1620=VECTOR('',#2824,1.);
#1621=VECTOR('',#2825,1.);
#1622=VECTOR('',#2826,1.);
#1623=VECTOR('',#2827,1.);
#1624=VECTOR('',#2830,1.);
#1625=VECTOR('',#2831,1.);
#1626=VECTOR('',#2832,1.);
#1627=VECTOR('',#2835,1.);
#1628=VECTOR('',#2836,1.);
#1629=VECTOR('',#2839,1.);
#1630=VECTOR('',#2840,1.);
#1631=VECTOR('',#2843,1.);
#1632=VECTOR('',#2844,1.);
#1633=VECTOR('',#2847,1.);
#1634=VECTOR('',#2848,1.);
#1635=VECTOR('',#2851,1.);
#1636=VECTOR('',#2854,1.);
#1637=VECTOR('',#2855,1.);
#1638=VECTOR('',#2860,1.);
#1639=VECTOR('',#2863,1.);
#1640=VECTOR('',#2866,1.);
#1641=VECTOR('',#2867,1.);
#1642=VECTOR('',#2870,1.);
#1643=VECTOR('',#2883,1.);
#1644=VECTOR('',#2884,1.);
#1645=VECTOR('',#2887,1.);
#1646=VECTOR('',#2888,1.);
#1647=VECTOR('',#2891,1.);
#1648=VECTOR('',#2898,1.);
#1649=VECTOR('',#2899,1.);
#1650=VECTOR('',#2900,1.);
#1651=VECTOR('',#2901,1.);
#1652=VECTOR('',#2902,1.);
#1653=VECTOR('',#2903,1.);
#1654=VECTOR('',#2904,1.);
#1655=VECTOR('',#2905,1.);
#1656=VECTOR('',#2906,1.);
#1657=VECTOR('',#2907,1.);
#1658=VECTOR('',#2908,1.);
#1659=VECTOR('',#2909,1.);
#1660=VECTOR('',#2916,1.);
#1661=VECTOR('',#2919,1.);
#1662=VECTOR('',#2920,1.);
#1663=VECTOR('',#2921,1.);
#1664=VECTOR('',#2922,1.);
#1665=VECTOR('',#2923,1.);
#1666=VECTOR('',#2932,1.);
#1667=VECTOR('',#2939,1.);
#1668=VECTOR('',#2940,1.);
#1669=VECTOR('',#2941,1.);
#1670=VECTOR('',#2954,1.);
#1671=VECTOR('',#2957,1.);
#1672=VECTOR('',#2958,1.);
#1673=VECTOR('',#2959,1.);
#1674=VECTOR('',#2964,1.);
#1675=VECTOR('',#2965,1.);
#1676=VECTOR('',#2966,1.);
#1677=VECTOR('',#2979,1.);
#1678=VECTOR('',#2980,1.);
#1679=VECTOR('',#2981,1.);
#1680=VECTOR('',#2982,1.);
#1681=VECTOR('',#2985,1.);
#1682=VECTOR('',#2986,1.);
#1683=VECTOR('',#2989,1.);
#1684=VECTOR('',#2990,1.);
#1685=VECTOR('',#2991,1.);
#1686=VECTOR('',#2994,1.);
#1687=VECTOR('',#2995,1.);
#1688=VECTOR('',#3010,1.);
#1689=VECTOR('',#3011,1.);
#1690=VECTOR('',#3012,1.);
#1691=VECTOR('',#3013,1.);
#1692=VECTOR('',#3016,1.);
#1693=VECTOR('',#3017,1.);
#1694=VECTOR('',#3018,1.);
#1695=VECTOR('',#3019,1.);
#1696=VECTOR('',#3020,1.);
#1697=VECTOR('',#3021,1.);
#1698=VECTOR('',#3022,1.);
#1699=VECTOR('',#3023,1.);
#1700=VECTOR('',#3034,1.);
#1701=VECTOR('',#3037,1.);
#1702=VECTOR('',#3046,1.);
#1703=VECTOR('',#3047,1.);
#1704=VECTOR('',#3048,1.);
#1705=VECTOR('',#3051,1.);
#1706=VECTOR('',#3052,1.);
#1707=VECTOR('',#3055,1.);
#1708=VECTOR('',#3056,1.);
#1709=VECTOR('',#3059,1.);
#1710=EDGE_LOOP('',(#133,#134,#135,#136));
#1711=EDGE_LOOP('',(#137,#138,#139,#140));
#1712=EDGE_LOOP('',(#141,#142,#143,#144));
#1713=EDGE_LOOP('',(#145,#146,#147,#148));
#1714=EDGE_LOOP('',(#149,#150,#151,#152));
#1715=EDGE_LOOP('',(#153,#154,#155,#156,#157,#158,#159,#160));
#1716=EDGE_LOOP('',(#161,#162,#163,#164));
#1717=EDGE_LOOP('',(#165,#166,#167,#168));
#1718=EDGE_LOOP('',(#169,#170,#171,#172));
#1719=EDGE_LOOP('',(#173,#174,#175,#176));
#1720=EDGE_LOOP('',(#177,#178,#179,#180));
#1721=EDGE_LOOP('',(#181,#182,#183,#184,#185,#186,#187,#188,#189,#190,#191,
#192));
#1722=EDGE_LOOP('',(#193,#194,#195,#196));
#1723=EDGE_LOOP('',(#197,#198,#199,#200,#201,#202,#203,#204));
#1724=EDGE_LOOP('',(#205));
#1725=EDGE_LOOP('',(#206));
#1726=EDGE_LOOP('',(#207,#208,#209,#210,#211,#212,#213,#214,#215,#216));
#1727=EDGE_LOOP('',(#217,#218,#219,#220));
#1728=EDGE_LOOP('',(#221,#222,#223,#224));
#1729=EDGE_LOOP('',(#225,#226,#227,#228));
#1730=EDGE_LOOP('',(#229,#230,#231,#232));
#1731=EDGE_LOOP('',(#233,#234,#235,#236,#237,#238,#239,#240,#241,#242,#243,
#244,#245,#246,#247,#248,#249,#250,#251,#252));
#1732=EDGE_LOOP('',(#253,#254,#255,#256));
#1733=EDGE_LOOP('',(#257,#258,#259,#260));
#1734=EDGE_LOOP('',(#261,#262,#263,#264));
#1735=EDGE_LOOP('',(#265,#266,#267,#268,#269));
#1736=EDGE_LOOP('',(#270,#271,#272,#273,#274));
#1737=EDGE_LOOP('',(#275,#276,#277,#278));
#1738=EDGE_LOOP('',(#279,#280,#281,#282,#283,#284,#285,#286,#287));
#1739=EDGE_LOOP('',(#288,#289,#290,#291));
#1740=EDGE_LOOP('',(#292));
#1741=EDGE_LOOP('',(#293,#294,#295,#296,#297,#298,#299,#300));
#1742=EDGE_LOOP('',(#301,#302,#303,#304,#305));
#1743=EDGE_LOOP('',(#306,#307,#308,#309,#310));
#1744=EDGE_LOOP('',(#311,#312,#313,#314));
#1745=EDGE_LOOP('',(#315,#316,#317,#318,#319,#320,#321,#322,#323,#324,#325,
#326));
#1746=EDGE_LOOP('',(#327,#328,#329,#330));
#1747=EDGE_LOOP('',(#331));
#1748=EDGE_LOOP('',(#332,#333,#334,#335,#336,#337,#338,#339));
#1749=EDGE_LOOP('',(#340,#341,#342,#343));
#1750=EDGE_LOOP('',(#344,#345,#346,#347));
#1751=EDGE_LOOP('',(#348,#349,#350,#351));
#1752=EDGE_LOOP('',(#352,#353,#354,#355,#356));
#1753=EDGE_LOOP('',(#357,#358,#359,#360,#361));
#1754=EDGE_LOOP('',(#362,#363,#364,#365));
#1755=EDGE_LOOP('',(#366,#367,#368,#369));
#1756=EDGE_LOOP('',(#370,#371,#372,#373));
#1757=EDGE_LOOP('',(#374,#375,#376,#377));
#1758=EDGE_LOOP('',(#378,#379,#380,#381));
#1759=EDGE_LOOP('',(#382,#383,#384,#385));
#1760=EDGE_LOOP('',(#386,#387,#388,#389));
#1761=EDGE_LOOP('',(#390,#391,#392,#393));
#1762=EDGE_LOOP('',(#394));
#1763=EDGE_LOOP('',(#395));
#1764=EDGE_LOOP('',(#396,#397,#398,#399));
#1765=EDGE_LOOP('',(#400,#401,#402,#403));
#1766=EDGE_LOOP('',(#404,#405,#406,#407));
#1767=EDGE_LOOP('',(#408,#409,#410,#411));
#1768=EDGE_LOOP('',(#412,#413,#414,#415));
#1769=EDGE_LOOP('',(#416,#417,#418,#419));
#1770=EDGE_LOOP('',(#420,#421,#422,#423));
#1771=EDGE_LOOP('',(#424,#425,#426,#427));
#1772=EDGE_LOOP('',(#428,#429,#430,#431,#432,#433,#434,#435,#436,#437));
#1773=EDGE_LOOP('',(#438,#439,#440,#441,#442,#443,#444,#445,#446,#447));
#1774=EDGE_LOOP('',(#448,#449,#450,#451));
#1775=EDGE_LOOP('',(#452,#453,#454,#455,#456));
#1776=EDGE_LOOP('',(#457,#458,#459,#460,#461));
#1777=EDGE_LOOP('',(#462,#463,#464,#465));
#1778=EDGE_LOOP('',(#466,#467,#468,#469,#470));
#1779=EDGE_LOOP('',(#471,#472,#473,#474,#475));
#1780=EDGE_LOOP('',(#476,#477,#478,#479));
#1781=EDGE_LOOP('',(#480,#481,#482,#483,#484,#485,#486,#487,#488,#489));
#1782=EDGE_LOOP('',(#490));
#1783=EDGE_LOOP('',(#491,#492,#493,#494,#495));
#1784=EDGE_LOOP('',(#496,#497,#498,#499));
#1785=EDGE_LOOP('',(#500,#501,#502,#503,#504,#505));
#1786=EDGE_LOOP('',(#506));
#1787=EDGE_LOOP('',(#507,#508,#509,#510));
#1788=EDGE_LOOP('',(#511,#512,#513,#514));
#1789=EDGE_LOOP('',(#515,#516,#517,#518));
#1790=EDGE_LOOP('',(#519,#520,#521,#522));
#1791=EDGE_LOOP('',(#523,#524,#525,#526));
#1792=EDGE_LOOP('',(#527,#528,#529,#530));
#1793=EDGE_LOOP('',(#531,#532,#533,#534));
#1794=EDGE_LOOP('',(#535,#536,#537,#538,#539));
#1795=EDGE_LOOP('',(#540,#541,#542,#543));
#1796=EDGE_LOOP('',(#544,#545,#546,#547));
#1797=EDGE_LOOP('',(#548,#549,#550,#551));
#1798=EDGE_LOOP('',(#552,#553,#554,#555,#556));
#1799=EDGE_LOOP('',(#557,#558,#559,#560));
#1800=EDGE_LOOP('',(#561,#562,#563,#564,#565,#566,#567,#568));
#1801=EDGE_LOOP('',(#569,#570,#571,#572));
#1802=EDGE_LOOP('',(#573,#574,#575,#576));
#1803=EDGE_LOOP('',(#577,#578,#579,#580));
#1804=EDGE_LOOP('',(#581,#582,#583,#584));
#1805=EDGE_LOOP('',(#585,#586,#587,#588,#589,#590,#591,#592,#593,#594,#595,
#596));
#1806=EDGE_LOOP('',(#597,#598,#599,#600));
#1807=EDGE_LOOP('',(#601,#602,#603,#604,#605,#606));
#1808=EDGE_LOOP('',(#607,#608,#609,#610));
#1809=EDGE_LOOP('',(#611,#612,#613,#614));
#1810=EDGE_LOOP('',(#615,#616,#617,#618));
#1811=EDGE_LOOP('',(#619,#620,#621,#622));
#1812=EDGE_LOOP('',(#623,#624,#625,#626,#627,#628,#629,#630,#631,#632));
#1813=EDGE_LOOP('',(#633,#634,#635,#636,#637,#638,#639,#640));
#1814=EDGE_LOOP('',(#641,#642,#643,#644));
#1815=EDGE_LOOP('',(#645,#646,#647,#648));
#1816=EDGE_LOOP('',(#649,#650,#651,#652));
#1817=EDGE_LOOP('',(#653,#654,#655,#656));
#1818=EDGE_LOOP('',(#657,#658,#659,#660));
#1819=EDGE_LOOP('',(#661,#662,#663,#664,#665,#666));
#1820=EDGE_LOOP('',(#667,#668,#669,#670));
#1821=EDGE_LOOP('',(#671,#672,#673,#674,#675,#676));
#1822=EDGE_LOOP('',(#677,#678,#679,#680));
#1823=EDGE_LOOP('',(#681,#682,#683,#684));
#1824=EDGE_LOOP('',(#685,#686,#687,#688));
#1825=EDGE_LOOP('',(#689));
#1826=EDGE_LOOP('',(#690));
#1827=EDGE_LOOP('',(#691,#692,#693,#694));
#1828=EDGE_LOOP('',(#695,#696,#697,#698,#699,#700,#701,#702));
#1829=EDGE_LOOP('',(#703,#704,#705,#706));
#1830=EDGE_LOOP('',(#707));
#1831=EDGE_LOOP('',(#708,#709,#710,#711));
#1832=EDGE_LOOP('',(#712,#713,#714,#715));
#1833=EDGE_LOOP('',(#716));
#1834=EDGE_LOOP('',(#717));
#1835=EDGE_LOOP('',(#718));
#1836=EDGE_LOOP('',(#719));
#1837=EDGE_LOOP('',(#720));
#1838=EDGE_LOOP('',(#721,#722,#723,#724,#725,#726,#727,#728));
#1839=EDGE_LOOP('',(#729,#730,#731,#732));
#1840=EDGE_LOOP('',(#733,#734,#735,#736));
#1841=EDGE_LOOP('',(#737,#738,#739,#740));
#1842=EDGE_LOOP('',(#741,#742,#743,#744));
#1843=FACE_BOUND('',#1710,.T.);
#1844=FACE_BOUND('',#1711,.T.);
#1845=FACE_BOUND('',#1712,.T.);
#1846=FACE_BOUND('',#1713,.T.);
#1847=FACE_BOUND('',#1714,.T.);
#1848=FACE_BOUND('',#1715,.T.);
#1849=FACE_BOUND('',#1716,.T.);
#1850=FACE_BOUND('',#1717,.T.);
#1851=FACE_BOUND('',#1718,.T.);
#1852=FACE_BOUND('',#1719,.T.);
#1853=FACE_BOUND('',#1720,.T.);
#1854=FACE_BOUND('',#1721,.T.);
#1855=FACE_BOUND('',#1722,.T.);
#1856=FACE_BOUND('',#1723,.T.);
#1857=FACE_BOUND('',#1724,.T.);
#1858=FACE_BOUND('',#1725,.T.);
#1859=FACE_BOUND('',#1726,.T.);
#1860=FACE_BOUND('',#1727,.T.);
#1861=FACE_BOUND('',#1728,.T.);
#1862=FACE_BOUND('',#1729,.T.);
#1863=FACE_BOUND('',#1730,.T.);
#1864=FACE_BOUND('',#1731,.T.);
#1865=FACE_BOUND('',#1732,.T.);
#1866=FACE_BOUND('',#1733,.T.);
#1867=FACE_BOUND('',#1734,.T.);
#1868=FACE_BOUND('',#1735,.T.);
#1869=FACE_BOUND('',#1736,.T.);
#1870=FACE_BOUND('',#1737,.T.);
#1871=FACE_BOUND('',#1738,.T.);
#1872=FACE_BOUND('',#1739,.T.);
#1873=FACE_BOUND('',#1740,.T.);
#1874=FACE_BOUND('',#1741,.T.);
#1875=FACE_BOUND('',#1742,.T.);
#1876=FACE_BOUND('',#1743,.T.);
#1877=FACE_BOUND('',#1744,.T.);
#1878=FACE_BOUND('',#1745,.T.);
#1879=FACE_BOUND('',#1746,.T.);
#1880=FACE_BOUND('',#1747,.T.);
#1881=FACE_BOUND('',#1748,.T.);
#1882=FACE_BOUND('',#1749,.T.);
#1883=FACE_BOUND('',#1750,.T.);
#1884=FACE_BOUND('',#1751,.T.);
#1885=FACE_BOUND('',#1752,.T.);
#1886=FACE_BOUND('',#1753,.T.);
#1887=FACE_BOUND('',#1754,.T.);
#1888=FACE_BOUND('',#1755,.T.);
#1889=FACE_BOUND('',#1756,.T.);
#1890=FACE_BOUND('',#1757,.T.);
#1891=FACE_BOUND('',#1758,.T.);
#1892=FACE_BOUND('',#1759,.T.);
#1893=FACE_BOUND('',#1760,.T.);
#1894=FACE_BOUND('',#1761,.T.);
#1895=FACE_BOUND('',#1762,.T.);
#1896=FACE_BOUND('',#1763,.T.);
#1897=FACE_BOUND('',#1764,.T.);
#1898=FACE_BOUND('',#1765,.T.);
#1899=FACE_BOUND('',#1766,.T.);
#1900=FACE_BOUND('',#1767,.T.);
#1901=FACE_BOUND('',#1768,.T.);
#1902=FACE_BOUND('',#1769,.T.);
#1903=FACE_BOUND('',#1770,.T.);
#1904=FACE_BOUND('',#1771,.T.);
#1905=FACE_BOUND('',#1772,.T.);
#1906=FACE_BOUND('',#1773,.T.);
#1907=FACE_BOUND('',#1774,.T.);
#1908=FACE_BOUND('',#1775,.T.);
#1909=FACE_BOUND('',#1776,.T.);
#1910=FACE_BOUND('',#1777,.T.);
#1911=FACE_BOUND('',#1778,.T.);
#1912=FACE_BOUND('',#1779,.T.);
#1913=FACE_BOUND('',#1780,.T.);
#1914=FACE_BOUND('',#1781,.T.);
#1915=FACE_BOUND('',#1782,.T.);
#1916=FACE_BOUND('',#1783,.T.);
#1917=FACE_BOUND('',#1784,.T.);
#1918=FACE_BOUND('',#1785,.T.);
#1919=FACE_BOUND('',#1786,.T.);
#1920=FACE_BOUND('',#1787,.T.);
#1921=FACE_BOUND('',#1788,.T.);
#1922=FACE_BOUND('',#1789,.T.);
#1923=FACE_BOUND('',#1790,.T.);
#1924=FACE_BOUND('',#1791,.T.);
#1925=FACE_BOUND('',#1792,.T.);
#1926=FACE_BOUND('',#1793,.T.);
#1927=FACE_BOUND('',#1794,.T.);
#1928=FACE_BOUND('',#1795,.T.);
#1929=FACE_BOUND('',#1796,.T.);
#1930=FACE_BOUND('',#1797,.T.);
#1931=FACE_BOUND('',#1798,.T.);
#1932=FACE_BOUND('',#1799,.T.);
#1933=FACE_BOUND('',#1800,.T.);
#1934=FACE_BOUND('',#1801,.T.);
#1935=FACE_BOUND('',#1802,.T.);
#1936=FACE_BOUND('',#1803,.T.);
#1937=FACE_BOUND('',#1804,.T.);
#1938=FACE_BOUND('',#1805,.T.);
#1939=FACE_BOUND('',#1806,.T.);
#1940=FACE_BOUND('',#1807,.T.);
#1941=FACE_BOUND('',#1808,.T.);
#1942=FACE_BOUND('',#1809,.T.);
#1943=FACE_BOUND('',#1810,.T.);
#1944=FACE_BOUND('',#1811,.T.);
#1945=FACE_BOUND('',#1812,.T.);
#1946=FACE_BOUND('',#1813,.T.);
#1947=FACE_BOUND('',#1814,.T.);
#1948=FACE_BOUND('',#1815,.T.);
#1949=FACE_BOUND('',#1816,.T.);
#1950=FACE_BOUND('',#1817,.T.);
#1951=FACE_BOUND('',#1818,.T.);
#1952=FACE_BOUND('',#1819,.T.);
#1953=FACE_BOUND('',#1820,.T.);
#1954=FACE_BOUND('',#1821,.T.);
#1955=FACE_BOUND('',#1822,.T.);
#1956=FACE_BOUND('',#1823,.T.);
#1957=FACE_BOUND('',#1824,.T.);
#1958=FACE_BOUND('',#1825,.T.);
#1959=FACE_BOUND('',#1826,.T.);
#1960=FACE_BOUND('',#1827,.T.);
#1961=FACE_BOUND('',#1828,.T.);
#1962=FACE_BOUND('',#1829,.T.);
#1963=FACE_BOUND('',#1830,.T.);
#1964=FACE_BOUND('',#1831,.T.);
#1965=FACE_BOUND('',#1832,.T.);
#1966=FACE_BOUND('',#1833,.T.);
#1967=FACE_BOUND('',#1834,.T.);
#1968=FACE_BOUND('',#1835,.T.);
#1969=FACE_BOUND('',#1836,.T.);
#1970=FACE_BOUND('',#1837,.T.);
#1971=FACE_BOUND('',#1838,.T.);
#1972=FACE_BOUND('',#1839,.T.);
#1973=FACE_BOUND('',#1840,.T.);
#1974=FACE_BOUND('',#1841,.T.);
#1975=FACE_BOUND('',#1842,.T.);
#1976=PLANE('',#2229);
#1977=PLANE('',#2230);
#1978=PLANE('',#2231);
#1979=PLANE('',#2232);
#1980=PLANE('',#2233);
#1981=PLANE('',#2234);
#1982=PLANE('',#2235);
#1983=PLANE('',#2236);
#1984=PLANE('',#2237);
#1985=PLANE('',#2238);
#1986=PLANE('',#2239);
#1987=PLANE('',#2240);
#1988=PLANE('',#2241);
#1989=PLANE('',#2242);
#1990=PLANE('',#2247);
#1991=PLANE('',#2250);
#1992=PLANE('',#2251);
#1993=PLANE('',#2258);
#1994=PLANE('',#2270);
#1995=PLANE('',#2271);
#1996=PLANE('',#2274);
#1997=PLANE('',#2278);
#1998=PLANE('',#2284);
#1999=PLANE('',#2285);
#2000=PLANE('',#2289);
#2001=PLANE('',#2293);
#2002=PLANE('',#2327);
#2003=PLANE('',#2330);
#2004=PLANE('',#2333);
#2005=PLANE('',#2336);
#2006=PLANE('',#2339);
#2007=PLANE('',#2340);
#2008=PLANE('',#2341);
#2009=PLANE('',#2342);
#2010=PLANE('',#2343);
#2011=PLANE('',#2344);
#2012=PLANE('',#2345);
#2013=PLANE('',#2346);
#2014=PLANE('',#2347);
#2015=PLANE('',#2348);
#2016=PLANE('',#2350);
#2017=PLANE('',#2354);
#2018=PLANE('',#2355);
#2019=PLANE('',#2356);
#2020=PLANE('',#2357);
#2021=PLANE('',#2358);
#2022=PLANE('',#2359);
#2023=PLANE('',#2360);
#2024=PLANE('',#2361);
#2025=PLANE('',#2362);
#2026=PLANE('',#2364);
#2027=PLANE('',#2365);
#2028=PLANE('',#2366);
#2029=PLANE('',#2367);
#2030=PLANE('',#2372);
#2031=PLANE('',#2373);
#2032=PLANE('',#2374);
#2033=PLANE('',#2375);
#2034=PLANE('',#2377);
#2035=PLANE('',#2381);
#2036=PLANE('',#2388);
#2037=PLANE('',#2392);
#2038=PLANE('',#2395);
#2039=PLANE('',#2396);
#2040=PLANE('',#2397);
#2041=PLANE('',#2402);
#2042=PLANE('',#2403);
#2043=PLANE('',#2404);
#2044=PLANE('',#2405);
#2045=PLANE('',#2406);
#2046=PLANE('',#2407);
#2047=PLANE('',#2408);
#2048=PLANE('',#2413);
#2049=PLANE('',#2414);
#2050=PLANE('',#2418);
#2051=PLANE('',#2420);
#2052=PLANE('',#2423);
#2053=PLANE('',#2424);
#2054=PLANE('',#2425);
#2055=PLANE('',#2426);
#2056=PLANE('',#2427);
#2057=PLANE('',#2428);
#2058=ADVANCED_FACE('',(#1843),#1976,.F.);
#2059=ADVANCED_FACE('',(#1844),#1977,.F.);
#2060=ADVANCED_FACE('',(#1845),#1978,.F.);
#2061=ADVANCED_FACE('',(#1846),#1979,.F.);
#2062=ADVANCED_FACE('',(#1847),#1980,.F.);
#2063=ADVANCED_FACE('',(#1848),#1981,.F.);
#2064=ADVANCED_FACE('',(#1849),#1982,.F.);
#2065=ADVANCED_FACE('',(#1850),#1983,.F.);
#2066=ADVANCED_FACE('',(#1851),#1984,.F.);
#2067=ADVANCED_FACE('',(#1852),#1985,.T.);
#2068=ADVANCED_FACE('',(#1853),#1986,.T.);
#2069=ADVANCED_FACE('',(#1854),#1987,.F.);
#2070=ADVANCED_FACE('',(#1855),#1988,.T.);
#2071=ADVANCED_FACE('',(#1856),#1989,.F.);
#2072=ADVANCED_FACE('',(#1857,#1858),#93,.F.);
#2073=ADVANCED_FACE('',(#1859),#1990,.T.);
#2074=ADVANCED_FACE('',(#1860),#1991,.T.);
#2075=ADVANCED_FACE('',(#1861),#1992,.F.);
#2076=ADVANCED_FACE('',(#1862),#94,.F.);
#2077=ADVANCED_FACE('',(#1863),#95,.F.);
#2078=ADVANCED_FACE('',(#1864),#1993,.T.);
#2079=ADVANCED_FACE('',(#1865),#13,.F.);
#2080=ADVANCED_FACE('',(#1866),#14,.F.);
#2081=ADVANCED_FACE('',(#1867),#96,.F.);
#2082=ADVANCED_FACE('',(#1868),#1994,.F.);
#2083=ADVANCED_FACE('',(#1869),#1995,.T.);
#2084=ADVANCED_FACE('',(#1870),#97,.T.);
#2085=ADVANCED_FACE('',(#1871),#1996,.T.);
#2086=ADVANCED_FACE('',(#1872),#98,.T.);
#2087=ADVANCED_FACE('',(#1873,#1874),#1997,.T.);
#2088=ADVANCED_FACE('',(#1875),#1998,.T.);
#2089=ADVANCED_FACE('',(#1876),#1999,.F.);
#2090=ADVANCED_FACE('',(#1877),#99,.F.);
#2091=ADVANCED_FACE('',(#1878),#2000,.F.);
#2092=ADVANCED_FACE('',(#1879),#100,.F.);
#2093=ADVANCED_FACE('',(#1880,#1881),#2001,.F.);
#2094=ADVANCED_FACE('',(#1882),#101,.F.);
#2095=ADVANCED_FACE('',(#1883),#15,.F.);
#2096=ADVANCED_FACE('',(#1884),#16,.F.);
#2097=ADVANCED_FACE('',(#1885),#102,.F.);
#2098=ADVANCED_FACE('',(#1886),#103,.F.);
#2099=ADVANCED_FACE('',(#1887),#17,.T.);
#2100=ADVANCED_FACE('',(#1888),#104,.T.);
#2101=ADVANCED_FACE('',(#1889),#105,.T.);
#2102=ADVANCED_FACE('',(#1890),#18,.T.);
#2103=ADVANCED_FACE('',(#1891),#19,.T.);
#2104=ADVANCED_FACE('',(#1892),#106,.T.);
#2105=ADVANCED_FACE('',(#1893),#107,.T.);
#2106=ADVANCED_FACE('',(#1894),#20,.T.);
#2107=ADVANCED_FACE('',(#1895,#1896),#108,.F.);
#2108=ADVANCED_FACE('',(#1897),#2002,.T.);
#2109=ADVANCED_FACE('',(#1898),#109,.F.);
#2110=ADVANCED_FACE('',(#1899),#2003,.F.);
#2111=ADVANCED_FACE('',(#1900),#110,.F.);
#2112=ADVANCED_FACE('',(#1901),#2004,.T.);
#2113=ADVANCED_FACE('',(#1902),#111,.T.);
#2114=ADVANCED_FACE('',(#1903),#2005,.F.);
#2115=ADVANCED_FACE('',(#1904),#112,.T.);
#2116=ADVANCED_FACE('',(#1905),#2006,.T.);
#2117=ADVANCED_FACE('',(#1906),#2007,.F.);
#2118=ADVANCED_FACE('',(#1907),#2008,.T.);
#2119=ADVANCED_FACE('',(#1908),#2009,.F.);
#2120=ADVANCED_FACE('',(#1909),#2010,.T.);
#2121=ADVANCED_FACE('',(#1910),#2011,.F.);
#2122=ADVANCED_FACE('',(#1911),#2012,.T.);
#2123=ADVANCED_FACE('',(#1912),#2013,.F.);
#2124=ADVANCED_FACE('',(#1913),#2014,.T.);
#2125=ADVANCED_FACE('',(#1914),#2015,.F.);
#2126=ADVANCED_FACE('',(#1915,#1916),#2016,.T.);
#2127=ADVANCED_FACE('',(#1917),#113,.T.);
#2128=ADVANCED_FACE('',(#1918,#1919),#2017,.T.);
#2129=ADVANCED_FACE('',(#1920),#2018,.F.);
#2130=ADVANCED_FACE('',(#1921),#2019,.F.);
#2131=ADVANCED_FACE('',(#1922),#2020,.F.);
#2132=ADVANCED_FACE('',(#1923),#2021,.F.);
#2133=ADVANCED_FACE('',(#1924),#2022,.F.);
#2134=ADVANCED_FACE('',(#1925),#2023,.F.);
#2135=ADVANCED_FACE('',(#1926),#2024,.F.);
#2136=ADVANCED_FACE('',(#1927),#2025,.F.);
#2137=ADVANCED_FACE('',(#1928),#2026,.F.);
#2138=ADVANCED_FACE('',(#1929),#2027,.F.);
#2139=ADVANCED_FACE('',(#1930),#2028,.F.);
#2140=ADVANCED_FACE('',(#1931),#2029,.F.);
#2141=ADVANCED_FACE('',(#1932),#114,.F.);
#2142=ADVANCED_FACE('',(#1933),#115,.F.);
#2143=ADVANCED_FACE('',(#1934),#2030,.F.);
#2144=ADVANCED_FACE('',(#1935),#2031,.T.);
#2145=ADVANCED_FACE('',(#1936),#2032,.F.);
#2146=ADVANCED_FACE('',(#1937),#2033,.T.);
#2147=ADVANCED_FACE('',(#1938),#2034,.T.);
#2148=ADVANCED_FACE('',(#1939),#116,.F.);
#2149=ADVANCED_FACE('',(#1940),#2035,.F.);
#2150=ADVANCED_FACE('',(#1941),#117,.F.);
#2151=ADVANCED_FACE('',(#1942),#118,.T.);
#2152=ADVANCED_FACE('',(#1943),#2036,.F.);
#2153=ADVANCED_FACE('',(#1944),#119,.T.);
#2154=ADVANCED_FACE('',(#1945),#2037,.F.);
#2155=ADVANCED_FACE('',(#1946),#2038,.F.);
#2156=ADVANCED_FACE('',(#1947),#2039,.T.);
#2157=ADVANCED_FACE('',(#1948),#2040,.F.);
#2158=ADVANCED_FACE('',(#1949),#120,.T.);
#2159=ADVANCED_FACE('',(#1950),#121,.T.);
#2160=ADVANCED_FACE('',(#1951),#2041,.T.);
#2161=ADVANCED_FACE('',(#1952),#2042,.T.);
#2162=ADVANCED_FACE('',(#1953),#2043,.F.);
#2163=ADVANCED_FACE('',(#1954),#2044,.F.);
#2164=ADVANCED_FACE('',(#1955),#2045,.T.);
#2165=ADVANCED_FACE('',(#1956),#2046,.T.);
#2166=ADVANCED_FACE('',(#1957),#2047,.T.);
#2167=ADVANCED_FACE('',(#1958,#1959),#122,.F.);
#2168=ADVANCED_FACE('',(#1960),#2048,.T.);
#2169=ADVANCED_FACE('',(#1961),#2049,.T.);
#2170=ADVANCED_FACE('',(#1962),#123,.T.);
#2171=ADVANCED_FACE('',(#1963,#1964),#2050,.T.);
#2172=ADVANCED_FACE('',(#1965,#1966),#2051,.F.);
#2173=ADVANCED_FACE('',(#1967,#1968),#124,.F.);
#2174=ADVANCED_FACE('',(#1969,#1970),#2052,.T.);
#2175=ADVANCED_FACE('',(#1971),#2053,.F.);
#2176=ADVANCED_FACE('',(#1972),#2054,.F.);
#2177=ADVANCED_FACE('',(#1973),#2055,.T.);
#2178=ADVANCED_FACE('',(#1974),#2056,.T.);
#2179=ADVANCED_FACE('',(#1975),#2057,.T.);
#2180=CLOSED_SHELL('',(#2058,#2059,#2060,#2061,#2062,#2063,#2064,#2065,
#2066,#2067,#2068,#2069,#2070,#2071));
#2181=CLOSED_SHELL('',(#2072,#2073,#2074,#2075,#2076,#2077,#2078,#2079,
#2080,#2081,#2082,#2083,#2084,#2085,#2086,#2087,#2088,#2089,#2090,#2091,
#2092,#2093,#2094,#2095,#2096,#2097,#2098,#2099,#2100,#2101,#2102,#2103,
#2104,#2105,#2106,#2107,#2108,#2109,#2110,#2111,#2112,#2113,#2114,#2115,
#2116,#2117,#2118,#2119,#2120,#2121,#2122,#2123,#2124,#2125,#2126,#2127,
#2128,#2129,#2130,#2131,#2132,#2133,#2134,#2135,#2136,#2137,#2138,#2139,
#2140,#2141,#2142,#2143,#2144,#2145,#2146));
#2182=CLOSED_SHELL('',(#2147,#2148,#2149,#2150,#2151,#2152,#2153,#2154,
#2155,#2156,#2157,#2158,#2159,#2160,#2161,#2162,#2163,#2164,#2165,#2166));
#2183=CLOSED_SHELL('',(#2167,#2168,#2169,#2170,#2171,#2172,#2173,#2174,
#2175,#2176,#2177,#2178,#2179));
#2184=STYLED_ITEM('',(#2188),#2216);
#2185=STYLED_ITEM('',(#2189),#2217);
#2186=STYLED_ITEM('',(#2190),#2218);
#2187=STYLED_ITEM('',(#2191),#2219);
#2188=PRESENTATION_STYLE_ASSIGNMENT((#2192));
#2189=PRESENTATION_STYLE_ASSIGNMENT((#2193));
#2190=PRESENTATION_STYLE_ASSIGNMENT((#2194));
#2191=PRESENTATION_STYLE_ASSIGNMENT((#2195));
#2192=SURFACE_STYLE_USAGE(.BOTH.,#2196);
#2193=SURFACE_STYLE_USAGE(.BOTH.,#2197);
#2194=SURFACE_STYLE_USAGE(.BOTH.,#2198);
#2195=SURFACE_STYLE_USAGE(.BOTH.,#2199);
#2196=SURFACE_SIDE_STYLE('',(#2200));
#2197=SURFACE_SIDE_STYLE('',(#2201));
#2198=SURFACE_SIDE_STYLE('',(#2202));
#2199=SURFACE_SIDE_STYLE('',(#2203));
#2200=SURFACE_STYLE_FILL_AREA(#2204);
#2201=SURFACE_STYLE_FILL_AREA(#2205);
#2202=SURFACE_STYLE_FILL_AREA(#2206);
#2203=SURFACE_STYLE_FILL_AREA(#2207);
#2204=FILL_AREA_STYLE('',(#2208));
#2205=FILL_AREA_STYLE('',(#2209));
#2206=FILL_AREA_STYLE('',(#2210));
#2207=FILL_AREA_STYLE('',(#2211));
#2208=FILL_AREA_STYLE_COLOUR('',#2212);
#2209=FILL_AREA_STYLE_COLOUR('',#2213);
#2210=FILL_AREA_STYLE_COLOUR('',#2214);
#2211=FILL_AREA_STYLE_COLOUR('',#2215);
#2212=COLOUR_RGB('',0.917647058823529,0.917647058823529,0.917647058823529);
#2213=COLOUR_RGB('',0.615686274509804,0.811764705882353,0.929411764705882);
#2214=COLOUR_RGB('',0.647058823529412,0.647058823529412,0.647058823529412);
#2215=COLOUR_RGB('',0.231372549019608,0.380392156862745,0.705882352941177);
#2216=MANIFOLD_SOLID_BREP('wallMount',#2180);
#2217=MANIFOLD_SOLID_BREP('MainCover',#2181);
#2218=MANIFOLD_SOLID_BREP('TopLid',#2182);
#2219=MANIFOLD_SOLID_BREP('mountAdapter',#2183);
#2220=SHAPE_DEFINITION_REPRESENTATION(#3715,#2224);
#2221=SHAPE_DEFINITION_REPRESENTATION(#3716,#2225);
#2222=SHAPE_DEFINITION_REPRESENTATION(#3717,#2226);
#2223=SHAPE_DEFINITION_REPRESENTATION(#3718,#2227);
#2224=SHAPE_REPRESENTATION('wallMount',(#2228),#3695);
#2225=SHAPE_REPRESENTATION('MainCover',(#2243),#3696);
#2226=SHAPE_REPRESENTATION('TopLid',(#2376),#3697);
#2227=SHAPE_REPRESENTATION('mountAdapter',(#2409),#3698);
#2228=AXIS2_PLACEMENT_3D('',#3062,#2429,#2430);
#2229=AXIS2_PLACEMENT_3D('',#3063,#2431,#2432);
#2230=AXIS2_PLACEMENT_3D('',#3072,#2437,#2438);
#2231=AXIS2_PLACEMENT_3D('',#3078,#2442,#2443);
#2232=AXIS2_PLACEMENT_3D('',#3087,#2448,#2449);
#2233=AXIS2_PLACEMENT_3D('',#3093,#2453,#2454);
#2234=AXIS2_PLACEMENT_3D('',#3099,#2458,#2459);
#2235=AXIS2_PLACEMENT_3D('',#3107,#2465,#2466);
#2236=AXIS2_PLACEMENT_3D('',#3113,#2470,#2471);
#2237=AXIS2_PLACEMENT_3D('',#3119,#2475,#2476);
#2238=AXIS2_PLACEMENT_3D('',#3125,#2480,#2481);
#2239=AXIS2_PLACEMENT_3D('',#3131,#2485,#2486);
#2240=AXIS2_PLACEMENT_3D('',#3134,#2489,#2490);
#2241=AXIS2_PLACEMENT_3D('',#3135,#2491,#2492);
#2242=AXIS2_PLACEMENT_3D('',#3136,#2493,#2494);
#2243=AXIS2_PLACEMENT_3D('',#3137,#2495,#2496);
#2244=AXIS2_PLACEMENT_3D('',#3138,#2497,#2498);
#2245=AXIS2_PLACEMENT_3D('',#3139,#2499,#2500);
#2246=AXIS2_PLACEMENT_3D('',#3141,#2501,#2502);
#2247=AXIS2_PLACEMENT_3D('',#3143,#2503,#2504);
#2248=AXIS2_PLACEMENT_3D('',#3155,#2510,#2511);
#2249=AXIS2_PLACEMENT_3D('',#3163,#2515,#2516);
#2250=AXIS2_PLACEMENT_3D('',#3164,#2517,#2518);
#2251=AXIS2_PLACEMENT_3D('',#3173,#2523,#2524);
#2252=AXIS2_PLACEMENT_3D('',#3182,#2529,#2530);
#2253=AXIS2_PLACEMENT_3D('',#3183,#2531,#2532);
#2254=AXIS2_PLACEMENT_3D('',#3187,#2534,#2535);
#2255=AXIS2_PLACEMENT_3D('',#3188,#2536,#2537);
#2256=AXIS2_PLACEMENT_3D('',#3189,#2538,#2539);
#2257=AXIS2_PLACEMENT_3D('',#3191,#2540,#2541);
#2258=AXIS2_PLACEMENT_3D('',#3194,#2543,#2544);
#2259=AXIS2_PLACEMENT_3D('',#3226,#2562,#2563);
#2260=AXIS2_PLACEMENT_3D('',#3227,#2564,#2565);
#2261=AXIS2_PLACEMENT_3D('',#3230,#2566,#2567);
#2262=AXIS2_PLACEMENT_3D('',#3232,#2568,#2569);
#2263=AXIS2_PLACEMENT_3D('',#3234,#2570,#2571);
#2264=AXIS2_PLACEMENT_3D('',#3235,#2572,#2573);
#2265=AXIS2_PLACEMENT_3D('',#3236,#2574,#2575);
#2266=AXIS2_PLACEMENT_3D('',#3239,#2576,#2577);
#2267=AXIS2_PLACEMENT_3D('',#3241,#2578,#2579);
#2268=AXIS2_PLACEMENT_3D('',#3243,#2580,#2581);
#2269=AXIS2_PLACEMENT_3D('',#3244,#2582,#2583);
#2270=AXIS2_PLACEMENT_3D('',#3247,#2586,#2587);
#2271=AXIS2_PLACEMENT_3D('',#3253,#2591,#2592);
#2272=AXIS2_PLACEMENT_3D('',#3259,#2596,#2597);
#2273=AXIS2_PLACEMENT_3D('',#3262,#2599,#2600);
#2274=AXIS2_PLACEMENT_3D('',#3263,#2601,#2602);
#2275=AXIS2_PLACEMENT_3D('',#3270,#2606,#2607);
#2276=AXIS2_PLACEMENT_3D('',#3274,#2610,#2611);
#2277=AXIS2_PLACEMENT_3D('',#3275,#2612,#2613);
#2278=AXIS2_PLACEMENT_3D('',#3276,#2614,#2615);
#2279=AXIS2_PLACEMENT_3D('',#3277,#2616,#2617);
#2280=AXIS2_PLACEMENT_3D('',#3282,#2619,#2620);
#2281=AXIS2_PLACEMENT_3D('',#3286,#2622,#2623);
#2282=AXIS2_PLACEMENT_3D('',#3290,#2625,#2626);
#2283=AXIS2_PLACEMENT_3D('',#3294,#2628,#2629);
#2284=AXIS2_PLACEMENT_3D('',#3295,#2630,#2631);
#2285=AXIS2_PLACEMENT_3D('',#3303,#2636,#2637);
#2286=AXIS2_PLACEMENT_3D('',#3311,#2642,#2643);
#2287=AXIS2_PLACEMENT_3D('',#3315,#2645,#2646);
#2288=AXIS2_PLACEMENT_3D('',#3316,#2647,#2648);
#2289=AXIS2_PLACEMENT_3D('',#3317,#2649,#2650);
#2290=AXIS2_PLACEMENT_3D('',#3333,#2660,#2661);
#2291=AXIS2_PLACEMENT_3D('',#3334,#2662,#2663);
#2292=AXIS2_PLACEMENT_3D('',#3335,#2664,#2665);
#2293=AXIS2_PLACEMENT_3D('',#3336,#2666,#2667);
#2294=AXIS2_PLACEMENT_3D('',#3337,#2668,#2669);
#2295=AXIS2_PLACEMENT_3D('',#3341,#2671,#2672);
#2296=AXIS2_PLACEMENT_3D('',#3345,#2674,#2675);
#2297=AXIS2_PLACEMENT_3D('',#3348,#2677,#2678);
#2298=AXIS2_PLACEMENT_3D('',#3349,#2679,#2680);
#2299=AXIS2_PLACEMENT_3D('',#3350,#2681,#2682);
#2300=AXIS2_PLACEMENT_3D('',#3351,#2683,#2684);
#2301=AXIS2_PLACEMENT_3D('',#3352,#2685,#2686);
#2302=AXIS2_PLACEMENT_3D('',#3353,#2687,#2688);
#2303=AXIS2_PLACEMENT_3D('',#3354,#2689,#2690);
#2304=AXIS2_PLACEMENT_3D('',#3355,#2691,#2692);
#2305=AXIS2_PLACEMENT_3D('',#3356,#2693,#2694);
#2306=AXIS2_PLACEMENT_3D('',#3357,#2695,#2696);
#2307=AXIS2_PLACEMENT_3D('',#3358,#2697,#2698);
#2308=AXIS2_PLACEMENT_3D('',#3359,#2699,#2700);
#2309=AXIS2_PLACEMENT_3D('',#3360,#2701,#2702);
#2310=AXIS2_PLACEMENT_3D('',#3361,#2703,#2704);
#2311=AXIS2_PLACEMENT_3D('',#3362,#2705,#2706);
#2312=AXIS2_PLACEMENT_3D('',#3363,#2707,#2708);
#2313=AXIS2_PLACEMENT_3D('',#3364,#2709,#2710);
#2314=AXIS2_PLACEMENT_3D('',#3365,#2711,#2712);
#2315=AXIS2_PLACEMENT_3D('',#3366,#2713,#2714);
#2316=AXIS2_PLACEMENT_3D('',#3367,#2715,#2716);
#2317=AXIS2_PLACEMENT_3D('',#3368,#2717,#2718);
#2318=AXIS2_PLACEMENT_3D('',#3369,#2719,#2720);
#2319=AXIS2_PLACEMENT_3D('',#3371,#2721,#2722);
#2320=AXIS2_PLACEMENT_3D('',#3372,#2723,#2724);
#2321=AXIS2_PLACEMENT_3D('',#3373,#2725,#2726);
#2322=AXIS2_PLACEMENT_3D('',#3374,#2727,#2728);
#2323=AXIS2_PLACEMENT_3D('',#3375,#2729,#2730);
#2324=AXIS2_PLACEMENT_3D('',#3378,#2732,#2733);
#2325=AXIS2_PLACEMENT_3D('',#3379,#2734,#2735);
#2326=AXIS2_PLACEMENT_3D('',#3380,#2736,#2737);
#2327=AXIS2_PLACEMENT_3D('',#3381,#2738,#2739);
#2328=AXIS2_PLACEMENT_3D('',#3385,#2742,#2743);
#2329=AXIS2_PLACEMENT_3D('',#3388,#2745,#2746);
#2330=AXIS2_PLACEMENT_3D('',#3389,#2747,#2748);
#2331=AXIS2_PLACEMENT_3D('',#3393,#2751,#2752);
#2332=AXIS2_PLACEMENT_3D('',#3396,#2754,#2755);
#2333=AXIS2_PLACEMENT_3D('',#3397,#2756,#2757);
#2334=AXIS2_PLACEMENT_3D('',#3399,#2759,#2760);
#2335=AXIS2_PLACEMENT_3D('',#3402,#2762,#2763);
#2336=AXIS2_PLACEMENT_3D('',#3403,#2764,#2765);
#2337=AXIS2_PLACEMENT_3D('',#3407,#2768,#2769);
#2338=AXIS2_PLACEMENT_3D('',#3408,#2770,#2771);
#2339=AXIS2_PLACEMENT_3D('',#3409,#2772,#2773);
#2340=AXIS2_PLACEMENT_3D('',#3410,#2774,#2775);
#2341=AXIS2_PLACEMENT_3D('',#3416,#2779,#2780);
#2342=AXIS2_PLACEMENT_3D('',#3419,#2783,#2784);
#2343=AXIS2_PLACEMENT_3D('',#3420,#2785,#2786);
#2344=AXIS2_PLACEMENT_3D('',#3421,#2787,#2788);
#2345=AXIS2_PLACEMENT_3D('',#3424,#2791,#2792);
#2346=AXIS2_PLACEMENT_3D('',#3425,#2793,#2794);
#2347=AXIS2_PLACEMENT_3D('',#3426,#2795,#2796);
#2348=AXIS2_PLACEMENT_3D('',#3435,#2801,#2802);
#2349=AXIS2_PLACEMENT_3D('',#3449,#2810,#2811);
#2350=AXIS2_PLACEMENT_3D('',#3450,#2812,#2813);
#2351=AXIS2_PLACEMENT_3D('',#3451,#2814,#2815);
#2352=AXIS2_PLACEMENT_3D('',#3452,#2816,#2817);
#2353=AXIS2_PLACEMENT_3D('',#3453,#2818,#2819);
#2354=AXIS2_PLACEMENT_3D('',#3454,#2820,#2821);
#2355=AXIS2_PLACEMENT_3D('',#3467,#2828,#2829);
#2356=AXIS2_PLACEMENT_3D('',#3473,#2833,#2834);
#2357=AXIS2_PLACEMENT_3D('',#3477,#2837,#2838);
#2358=AXIS2_PLACEMENT_3D('',#3481,#2841,#2842);
#2359=AXIS2_PLACEMENT_3D('',#3485,#2845,#2846);
#2360=AXIS2_PLACEMENT_3D('',#3489,#2849,#2850);
#2361=AXIS2_PLACEMENT_3D('',#3491,#2852,#2853);
#2362=AXIS2_PLACEMENT_3D('',#3494,#2856,#2857);
#2363=AXIS2_PLACEMENT_3D('',#3495,#2858,#2859);
#2364=AXIS2_PLACEMENT_3D('',#3498,#2861,#2862);
#2365=AXIS2_PLACEMENT_3D('',#3500,#2864,#2865);
#2366=AXIS2_PLACEMENT_3D('',#3504,#2868,#2869);
#2367=AXIS2_PLACEMENT_3D('',#3506,#2871,#2872);
#2368=AXIS2_PLACEMENT_3D('',#3507,#2873,#2874);
#2369=AXIS2_PLACEMENT_3D('',#3508,#2875,#2876);
#2370=AXIS2_PLACEMENT_3D('',#3509,#2877,#2878);
#2371=AXIS2_PLACEMENT_3D('',#3510,#2879,#2880);
#2372=AXIS2_PLACEMENT_3D('',#3511,#2881,#2882);
#2373=AXIS2_PLACEMENT_3D('',#3515,#2885,#2886);
#2374=AXIS2_PLACEMENT_3D('',#3519,#2889,#2890);
#2375=AXIS2_PLACEMENT_3D('',#3521,#2892,#2893);
#2376=AXIS2_PLACEMENT_3D('',#3522,#2894,#2895);
#2377=AXIS2_PLACEMENT_3D('',#3523,#2896,#2897);
#2378=AXIS2_PLACEMENT_3D('',#3548,#2910,#2911);
#2379=AXIS2_PLACEMENT_3D('',#3549,#2912,#2913);
#2380=AXIS2_PLACEMENT_3D('',#3551,#2914,#2915);
#2381=AXIS2_PLACEMENT_3D('',#3554,#2917,#2918);
#2382=AXIS2_PLACEMENT_3D('',#3564,#2924,#2925);
#2383=AXIS2_PLACEMENT_3D('',#3565,#2926,#2927);
#2384=AXIS2_PLACEMENT_3D('',#3566,#2928,#2929);
#2385=AXIS2_PLACEMENT_3D('',#3567,#2930,#2931);
#2386=AXIS2_PLACEMENT_3D('',#3571,#2933,#2934);
#2387=AXIS2_PLACEMENT_3D('',#3572,#2935,#2936);
#2388=AXIS2_PLACEMENT_3D('',#3573,#2937,#2938);
#2389=AXIS2_PLACEMENT_3D('',#3579,#2942,#2943);
#2390=AXIS2_PLACEMENT_3D('',#3580,#2944,#2945);
#2391=AXIS2_PLACEMENT_3D('',#3581,#2946,#2947);
#2392=AXIS2_PLACEMENT_3D('',#3582,#2948,#2949);
#2393=AXIS2_PLACEMENT_3D('',#3583,#2950,#2951);
#2394=AXIS2_PLACEMENT_3D('',#3585,#2952,#2953);
#2395=AXIS2_PLACEMENT_3D('',#3588,#2955,#2956);
#2396=AXIS2_PLACEMENT_3D('',#3594,#2960,#2961);
#2397=AXIS2_PLACEMENT_3D('',#3595,#2962,#2963);
#2398=AXIS2_PLACEMENT_3D('',#3601,#2967,#2968);
#2399=AXIS2_PLACEMENT_3D('',#3602,#2969,#2970);
#2400=AXIS2_PLACEMENT_3D('',#3603,#2971,#2972);
#2401=AXIS2_PLACEMENT_3D('',#3604,#2973,#2974);
#2402=AXIS2_PLACEMENT_3D('',#3605,#2975,#2976);
#2403=AXIS2_PLACEMENT_3D('',#3606,#2977,#2978);
#2404=AXIS2_PLACEMENT_3D('',#3614,#2983,#2984);
#2405=AXIS2_PLACEMENT_3D('',#3618,#2987,#2988);
#2406=AXIS2_PLACEMENT_3D('',#3624,#2992,#2993);
#2407=AXIS2_PLACEMENT_3D('',#3627,#2996,#2997);
#2408=AXIS2_PLACEMENT_3D('',#3628,#2998,#2999);
#2409=AXIS2_PLACEMENT_3D('',#3629,#3000,#3001);
#2410=AXIS2_PLACEMENT_3D('',#3630,#3002,#3003);
#2411=AXIS2_PLACEMENT_3D('',#3631,#3004,#3005);
#2412=AXIS2_PLACEMENT_3D('',#3633,#3006,#3007);
#2413=AXIS2_PLACEMENT_3D('',#3635,#3008,#3009);
#2414=AXIS2_PLACEMENT_3D('',#3644,#3014,#3015);
#2415=AXIS2_PLACEMENT_3D('',#3661,#3024,#3025);
#2416=AXIS2_PLACEMENT_3D('',#3662,#3026,#3027);
#2417=AXIS2_PLACEMENT_3D('',#3663,#3028,#3029);
#2418=AXIS2_PLACEMENT_3D('',#3664,#3030,#3031);
#2419=AXIS2_PLACEMENT_3D('',#3665,#3032,#3033);
#2420=AXIS2_PLACEMENT_3D('',#3668,#3035,#3036);
#2421=AXIS2_PLACEMENT_3D('',#3670,#3038,#3039);
#2422=AXIS2_PLACEMENT_3D('',#3671,#3040,#3041);
#2423=AXIS2_PLACEMENT_3D('',#3673,#3042,#3043);
#2424=AXIS2_PLACEMENT_3D('',#3674,#3044,#3045);
#2425=AXIS2_PLACEMENT_3D('',#3680,#3049,#3050);
#2426=AXIS2_PLACEMENT_3D('',#3684,#3053,#3054);
#2427=AXIS2_PLACEMENT_3D('',#3688,#3057,#3058);
#2428=AXIS2_PLACEMENT_3D('',#3690,#3060,#3061);
#2429=DIRECTION('',(0.,0.,1.));
#2430=DIRECTION('',(1.,0.,0.));
#2431=DIRECTION('',(0.,-1.,0.));
#2432=DIRECTION('',(0.,0.,-1.));
#2433=DIRECTION('',(-1.,0.,0.));
#2434=DIRECTION('',(0.,0.,-1.));
#2435=DIRECTION('',(-1.,0.,0.));
#2436=DIRECTION('',(0.,0.,-1.));
#2437=DIRECTION('',(-1.,0.,0.));
#2438=DIRECTION('',(0.,0.,1.));
#2439=DIRECTION('',(0.,1.,0.));
#2440=DIRECTION('',(0.,1.,0.));
#2441=DIRECTION('',(0.,0.,-1.));
#2442=DIRECTION('',(1.,0.,0.));
#2443=DIRECTION('',(0.,0.,-1.));
#2444=DIRECTION('',(0.,0.,-1.));
#2445=DIRECTION('',(0.,-1.,0.));
#2446=DIRECTION('',(0.,0.,-1.));
#2447=DIRECTION('',(0.,-1.,0.));
#2448=DIRECTION('',(0.,-1.,0.));
#2449=DIRECTION('',(0.,0.,-1.));
#2450=DIRECTION('',(0.,0.,-1.));
#2451=DIRECTION('',(-1.,0.,0.));
#2452=DIRECTION('',(-1.,0.,0.));
#2453=DIRECTION('',(-1.,0.,0.));
#2454=DIRECTION('',(0.,0.,1.));
#2455=DIRECTION('',(0.,0.,-1.));
#2456=DIRECTION('',(0.,1.,0.));
#2457=DIRECTION('',(0.,1.,0.));
#2458=DIRECTION('',(0.,1.,0.));
#2459=DIRECTION('',(0.,0.,1.));
#2460=DIRECTION('',(0.,0.,-1.));
#2461=DIRECTION('',(1.,0.,0.));
#2462=DIRECTION('',(1.,0.,0.));
#2463=DIRECTION('',(1.,0.,0.));
#2464=DIRECTION('',(1.,0.,0.));
#2465=DIRECTION('',(1.,-1.12937726300574E-16,0.));
#2466=DIRECTION('',(1.12937726300574E-16,1.,0.));
#2467=DIRECTION('',(-1.12937726300574E-16,-1.,0.));
#2468=DIRECTION('',(-1.12937726300574E-16,-1.,0.));
#2469=DIRECTION('',(0.,0.,-1.));
#2470=DIRECTION('',(0.,-1.,0.));
#2471=DIRECTION('',(0.,0.,-1.));
#2472=DIRECTION('',(-1.,0.,0.));
#2473=DIRECTION('',(-1.,0.,0.));
#2474=DIRECTION('',(0.,0.,-1.));
#2475=DIRECTION('',(1.,0.,0.));
#2476=DIRECTION('',(0.,0.,-1.));
#2477=DIRECTION('',(0.,-1.,0.));
#2478=DIRECTION('',(0.,-1.,0.));
#2479=DIRECTION('',(0.,0.,-1.));
#2480=DIRECTION('',(0.,-1.,0.));
#2481=DIRECTION('',(0.,0.,-1.));
#2482=DIRECTION('',(-1.,0.,0.));
#2483=DIRECTION('',(-1.,0.,0.));
#2484=DIRECTION('',(0.,0.,-1.));
#2485=DIRECTION('',(1.,0.,0.));
#2486=DIRECTION('',(0.,0.,-1.));
#2487=DIRECTION('',(0.,-1.,0.));
#2488=DIRECTION('',(0.,-1.,0.));
#2489=DIRECTION('',(0.,0.,-1.));
#2490=DIRECTION('',(1.,0.,0.));
#2491=DIRECTION('',(0.,0.,-1.));
#2492=DIRECTION('',(1.,0.,0.));
#2493=DIRECTION('',(0.,0.,-1.));
#2494=DIRECTION('',(1.,0.,0.));
#2495=DIRECTION('',(0.,0.,1.));
#2496=DIRECTION('',(1.,0.,0.));
#2497=DIRECTION('',(1.,0.,0.));
#2498=DIRECTION('',(0.,0.,-1.));
#2499=DIRECTION('',(-1.,0.,0.));
#2500=DIRECTION('',(0.,0.,1.));
#2501=DIRECTION('',(1.,0.,0.));
#2502=DIRECTION('',(0.,0.,-1.));
#2503=DIRECTION('',(0.,1.,0.));
#2504=DIRECTION('',(-1.,0.,0.));
#2505=DIRECTION('',(1.,0.,0.));
#2506=DIRECTION('',(0.,0.,-1.));
#2507=DIRECTION('',(-1.,0.,0.));
#2508=DIRECTION('',(0.,0.,-1.));
#2509=DIRECTION('',(1.,0.,0.));
#2510=DIRECTION('',(0.,-1.,0.));
#2511=DIRECTION('',(0.,0.,-1.));
#2512=DIRECTION('',(0.,0.,-1.));
#2513=DIRECTION('',(1.,0.,0.));
#2514=DIRECTION('',(0.,0.,-1.));
#2515=DIRECTION('',(0.,-1.,0.));
#2516=DIRECTION('',(0.,0.,-1.));
#2517=DIRECTION('',(-1.,0.,0.));
#2518=DIRECTION('',(0.,0.,1.));
#2519=DIRECTION('',(0.,-1.,0.));
#2520=DIRECTION('',(0.,0.,1.));
#2521=DIRECTION('',(0.,-1.,0.));
#2522=DIRECTION('',(0.,0.,-1.));
#2523=DIRECTION('',(-1.,0.,0.));
#2524=DIRECTION('',(0.,0.,1.));
#2525=DIRECTION('',(0.,0.,1.));
#2526=DIRECTION('',(0.,-1.,0.));
#2527=DIRECTION('',(0.,0.,-1.));
#2528=DIRECTION('',(0.,-1.,0.));
#2529=DIRECTION('',(0.,-1.,0.));
#2530=DIRECTION('',(0.,0.,-1.));
#2531=DIRECTION('',(0.,-1.,0.));
#2532=DIRECTION('',(0.,0.,-1.));
#2533=DIRECTION('',(0.,-1.,0.));
#2534=DIRECTION('',(0.,-1.,0.));
#2535=DIRECTION('',(0.,0.,-1.));
#2536=DIRECTION('',(0.,-1.,0.));
#2537=DIRECTION('',(0.,0.,-1.));
#2538=DIRECTION('',(0.,-1.,0.));
#2539=DIRECTION('',(0.,0.,-1.));
#2540=DIRECTION('',(0.,-1.,0.));
#2541=DIRECTION('',(0.,0.,-1.));
#2542=DIRECTION('',(0.,-1.,0.));
#2543=DIRECTION('',(0.,0.,1.));
#2544=DIRECTION('',(1.,0.,0.));
#2545=DIRECTION('',(1.,0.,0.));
#2546=DIRECTION('',(0.,-1.,0.));
#2547=DIRECTION('',(1.,0.,0.));
#2548=DIRECTION('',(0.,1.,0.));
#2549=DIRECTION('',(0.,-1.,0.));
#2550=DIRECTION('',(1.,0.,0.));
#2551=DIRECTION('',(0.,-1.,0.));
#2552=DIRECTION('',(1.,0.,0.));
#2553=DIRECTION('',(0.,-1.,0.));
#2554=DIRECTION('',(1.,0.,0.));
#2555=DIRECTION('',(1.,0.,0.));
#2556=DIRECTION('',(0.,-1.,0.));
#2557=DIRECTION('',(1.,-6.93889390390723E-16,0.));
#2558=DIRECTION('',(0.,-1.,0.));
#2559=DIRECTION('',(1.,0.,0.));
#2560=DIRECTION('',(1.,0.,0.));
#2561=DIRECTION('',(0.,-1.,0.));
#2562=DIRECTION('',(0.,-1.,0.));
#2563=DIRECTION('',(0.,0.,-1.));
#2564=DIRECTION('',(0.,1.,0.));
#2565=DIRECTION('',(0.,0.,1.));
#2566=DIRECTION('',(-1.,0.,0.));
#2567=DIRECTION('',(0.,0.,1.));
#2568=DIRECTION('',(0.,-1.,0.));
#2569=DIRECTION('',(0.,0.,-1.));
#2570=DIRECTION('',(0.,0.,-1.));
#2571=DIRECTION('',(-1.,0.,0.));
#2572=DIRECTION('',(0.,-1.,0.));
#2573=DIRECTION('',(0.,0.,-1.));
#2574=DIRECTION('',(0.,1.,0.));
#2575=DIRECTION('',(0.,0.,1.));
#2576=DIRECTION('',(0.,0.,-1.));
#2577=DIRECTION('',(-1.,0.,0.));
#2578=DIRECTION('',(0.,-1.,0.));
#2579=DIRECTION('',(0.,0.,-1.));
#2580=DIRECTION('',(1.,8.67361737988404E-16,-8.67361737988404E-16));
#2581=DIRECTION('',(-8.67361737988404E-16,0.,-1.));
#2582=DIRECTION('',(1.,0.,0.));
#2583=DIRECTION('',(0.,0.,-1.));
#2584=DIRECTION('',(1.,0.,0.));
#2585=DIRECTION('',(1.,0.,0.));
#2586=DIRECTION('',(-1.,0.,0.));
#2587=DIRECTION('',(0.,0.,1.));
#2588=DIRECTION('',(0.,-1.,0.));
#2589=DIRECTION('',(0.,0.,-1.));
#2590=DIRECTION('',(0.,-1.,0.));
#2591=DIRECTION('',(-1.,0.,0.));
#2592=DIRECTION('',(0.,0.,1.));
#2593=DIRECTION('',(0.,1.,0.));
#2594=DIRECTION('',(0.,0.,-1.));
#2595=DIRECTION('',(0.,-1.,0.));
#2596=DIRECTION('',(0.,-1.,0.));
#2597=DIRECTION('',(0.,0.,-1.));
#2598=DIRECTION('',(0.,-1.,0.));
#2599=DIRECTION('',(0.,-1.,0.));
#2600=DIRECTION('',(0.,0.,-1.));
#2601=DIRECTION('',(0.,0.,-1.));
#2602=DIRECTION('',(-1.,0.,0.));
#2603=DIRECTION('',(0.,-1.,0.));
#2604=DIRECTION('',(1.,0.,0.));
#2605=DIRECTION('',(0.,-1.,0.));
#2606=DIRECTION('',(0.,0.,-1.));
#2607=DIRECTION('',(-1.,0.,0.));
#2608=DIRECTION('',(0.,1.,0.));
#2609=DIRECTION('',(1.,0.,0.));
#2610=DIRECTION('',(0.,-1.,0.));
#2611=DIRECTION('',(0.,0.,-1.));
#2612=DIRECTION('',(0.,-1.,0.));
#2613=DIRECTION('',(0.,0.,-1.));
#2614=DIRECTION('',(0.,-1.,0.));
#2615=DIRECTION('',(1.,0.,0.));
#2616=DIRECTION('',(0.,-1.,0.));
#2617=DIRECTION('',(0.,0.,-1.));
#2618=DIRECTION('',(0.,0.,-1.));
#2619=DIRECTION('',(0.,-1.,0.));
#2620=DIRECTION('',(0.,0.,-1.));
#2621=DIRECTION('',(1.,0.,0.));
#2622=DIRECTION('',(0.,-1.,0.));
#2623=DIRECTION('',(0.,0.,-1.));
#2624=DIRECTION('',(0.,0.,-1.));
#2625=DIRECTION('',(0.,-1.,0.));
#2626=DIRECTION('',(0.,0.,-1.));
#2627=DIRECTION('',(1.,0.,0.));
#2628=DIRECTION('',(0.,-1.,0.));
#2629=DIRECTION('',(0.,0.,-1.));
#2630=DIRECTION('',(-1.,0.,0.));
#2631=DIRECTION('',(0.,0.,1.));
#2632=DIRECTION('',(0.,0.,1.));
#2633=DIRECTION('',(0.,-1.,0.));
#2634=DIRECTION('',(0.,0.,-1.));
#2635=DIRECTION('',(0.,-1.,0.));
#2636=DIRECTION('',(-1.,0.,0.));
#2637=DIRECTION('',(0.,0.,1.));
#2638=DIRECTION('',(0.,-1.,0.));
#2639=DIRECTION('',(0.,0.,1.));
#2640=DIRECTION('',(0.,-1.,0.));
#2641=DIRECTION('',(0.,0.,-1.));
#2642=DIRECTION('',(0.,-1.,0.));
#2643=DIRECTION('',(0.,0.,-1.));
#2644=DIRECTION('',(0.,-1.,0.));
#2645=DIRECTION('',(0.,-1.,0.));
#2646=DIRECTION('',(0.,0.,-1.));
#2647=DIRECTION('',(0.,-1.,0.));
#2648=DIRECTION('',(0.,0.,-1.));
#2649=DIRECTION('',(0.,0.,-1.));
#2650=DIRECTION('',(-1.,0.,0.));
#2651=DIRECTION('',(1.,0.,0.));
#2652=DIRECTION('',(0.,-1.,0.));
#2653=DIRECTION('',(1.,0.,0.));
#2654=DIRECTION('',(1.,0.,0.));
#2655=DIRECTION('',(0.,-1.,0.));
#2656=DIRECTION('',(1.,0.,0.));
#2657=DIRECTION('',(0.,-1.,0.));
#2658=DIRECTION('',(1.,0.,0.));
#2659=DIRECTION('',(1.,0.,0.));
#2660=DIRECTION('',(0.,-1.,0.));
#2661=DIRECTION('',(0.,0.,-1.));
#2662=DIRECTION('',(0.,-1.,0.));
#2663=DIRECTION('',(0.,0.,-1.));
#2664=DIRECTION('',(0.,-1.,0.));
#2665=DIRECTION('',(0.,0.,-1.));
#2666=DIRECTION('',(0.,-1.,0.));
#2667=DIRECTION('',(1.,0.,0.));
#2668=DIRECTION('',(0.,1.,0.));
#2669=DIRECTION('',(0.,0.,1.));
#2670=DIRECTION('',(0.,0.,-1.));
#2671=DIRECTION('',(0.,-1.,0.));
#2672=DIRECTION('',(0.,0.,-1.));
#2673=DIRECTION('',(1.,0.,0.));
#2674=DIRECTION('',(0.,-1.,0.));
#2675=DIRECTION('',(0.,0.,-1.));
#2676=DIRECTION('',(0.,0.,-1.));
#2677=DIRECTION('',(-1.,0.,0.));
#2678=DIRECTION('',(0.,0.,1.));
#2679=DIRECTION('',(-1.,8.67361737988404E-16,0.));
#2680=DIRECTION('',(-8.67361737988404E-16,-1.,0.));
#2681=DIRECTION('',(1.,0.,0.));
#2682=DIRECTION('',(0.,0.,-1.));
#2683=DIRECTION('',(0.,-1.,0.));
#2684=DIRECTION('',(0.,0.,-1.));
#2685=DIRECTION('',(0.,0.,-1.));
#2686=DIRECTION('',(-1.,0.,0.));
#2687=DIRECTION('',(0.,-1.,0.));
#2688=DIRECTION('',(0.,0.,-1.));
#2689=DIRECTION('',(0.,0.,-1.));
#2690=DIRECTION('',(-1.,0.,0.));
#2691=DIRECTION('',(0.,0.,1.));
#2692=DIRECTION('',(1.,0.,0.));
#2693=DIRECTION('',(0.,0.,1.));
#2694=DIRECTION('',(1.,0.,0.));
#2695=DIRECTION('',(0.,0.,-1.));
#2696=DIRECTION('',(-1.,0.,0.));
#2697=DIRECTION('',(0.,0.,-1.));
#2698=DIRECTION('',(-1.,0.,0.));
#2699=DIRECTION('',(0.,-1.,0.));
#2700=DIRECTION('',(0.,0.,-1.));
#2701=DIRECTION('',(0.,0.,1.));
#2702=DIRECTION('',(1.,0.,0.));
#2703=DIRECTION('',(1.,0.,-8.67361737988404E-16));
#2704=DIRECTION('',(-8.67361737988404E-16,0.,-1.));
#2705=DIRECTION('',(1.,0.,0.));
#2706=DIRECTION('',(0.,0.,-1.));
#2707=DIRECTION('',(1.,0.,0.));
#2708=DIRECTION('',(0.,0.,-1.));
#2709=DIRECTION('',(0.,0.,-1.));
#2710=DIRECTION('',(-1.,0.,0.));
#2711=DIRECTION('',(0.,-4.33680868994202E-16,1.));
#2712=DIRECTION('',(0.,-1.,-4.33680868994202E-16));
#2713=DIRECTION('',(0.,-1.,0.));
#2714=DIRECTION('',(0.,0.,-1.));
#2715=DIRECTION('',(0.,0.,1.));
#2716=DIRECTION('',(1.,0.,0.));
#2717=DIRECTION('',(0.,-1.,0.));
#2718=DIRECTION('',(0.,0.,-1.));
#2719=DIRECTION('',(1.,0.,0.));
#2720=DIRECTION('',(0.,0.,-1.));
#2721=DIRECTION('',(0.,-1.,0.));
#2722=DIRECTION('',(0.,0.,-1.));
#2723=DIRECTION('',(0.,0.,1.));
#2724=DIRECTION('',(1.,0.,0.));
#2725=DIRECTION('',(0.,0.,1.));
#2726=DIRECTION('',(1.,0.,0.));
#2727=DIRECTION('',(-1.,0.,0.));
#2728=DIRECTION('',(0.,0.,1.));
#2729=DIRECTION('',(1.,-8.67361737988404E-16,0.));
#2730=DIRECTION('',(8.67361737988404E-16,1.,0.));
#2731=DIRECTION('',(1.,0.,0.));
#2732=DIRECTION('',(0.,-1.,0.));
#2733=DIRECTION('',(0.,0.,-1.));
#2734=DIRECTION('',(0.,-1.,0.));
#2735=DIRECTION('',(0.,0.,-1.));
#2736=DIRECTION('',(0.,1.,0.));
#2737=DIRECTION('',(0.,0.,1.));
#2738=DIRECTION('',(0.,0.,-1.));
#2739=DIRECTION('',(-1.,0.,0.));
#2740=DIRECTION('',(1.,0.,0.));
#2741=DIRECTION('',(0.,-1.,0.));
#2742=DIRECTION('',(0.,-1.,0.));
#2743=DIRECTION('',(0.,0.,-1.));
#2744=DIRECTION('',(0.,-1.,0.));
#2745=DIRECTION('',(0.,1.,0.));
#2746=DIRECTION('',(0.,0.,1.));
#2747=DIRECTION('',(0.,0.,1.));
#2748=DIRECTION('',(1.,0.,0.));
#2749=DIRECTION('',(0.,-1.,0.));
#2750=DIRECTION('',(1.,0.,0.));
#2751=DIRECTION('',(0.,-1.,0.));
#2752=DIRECTION('',(0.,0.,-1.));
#2753=DIRECTION('',(0.,-1.,0.));
#2754=DIRECTION('',(0.,1.,0.));
#2755=DIRECTION('',(0.,0.,1.));
#2756=DIRECTION('',(0.,0.,-1.));
#2757=DIRECTION('',(-1.,0.,0.));
#2758=DIRECTION('',(1.,0.,0.));
#2759=DIRECTION('',(0.,-1.,0.));
#2760=DIRECTION('',(0.,0.,-1.));
#2761=DIRECTION('',(0.,-1.,0.));
#2762=DIRECTION('',(0.,-1.,0.));
#2763=DIRECTION('',(0.,0.,-1.));
#2764=DIRECTION('',(0.,0.,-1.));
#2765=DIRECTION('',(-1.,0.,0.));
#2766=DIRECTION('',(0.,-1.,0.));
#2767=DIRECTION('',(1.,0.,0.));
#2768=DIRECTION('',(0.,-1.,0.));
#2769=DIRECTION('',(0.,0.,-1.));
#2770=DIRECTION('',(0.,-1.,0.));
#2771=DIRECTION('',(0.,0.,-1.));
#2772=DIRECTION('',(0.,1.,0.));
#2773=DIRECTION('',(0.,0.,1.));
#2774=DIRECTION('',(0.,1.,0.));
#2775=DIRECTION('',(-1.,0.,0.));
#2776=DIRECTION('',(-1.,0.,0.));
#2777=DIRECTION('',(0.,0.,1.));
#2778=DIRECTION('',(0.,0.,1.));
#2779=DIRECTION('',(-1.,0.,0.));
#2780=DIRECTION('',(0.,0.,1.));
#2781=DIRECTION('',(0.,0.,1.));
#2782=DIRECTION('',(0.,0.,1.));
#2783=DIRECTION('',(0.,-1.,0.));
#2784=DIRECTION('',(0.,0.,-1.));
#2785=DIRECTION('',(0.,-1.,0.));
#2786=DIRECTION('',(0.,0.,-1.));
#2787=DIRECTION('',(-1.,0.,0.));
#2788=DIRECTION('',(0.,0.,1.));
#2789=DIRECTION('',(0.,0.,1.));
#2790=DIRECTION('',(0.,0.,1.));
#2791=DIRECTION('',(0.,-1.,0.));
#2792=DIRECTION('',(0.,0.,-1.));
#2793=DIRECTION('',(0.,-1.,0.));
#2794=DIRECTION('',(0.,0.,-1.));
#2795=DIRECTION('',(0.,0.,1.));
#2796=DIRECTION('',(1.,0.,0.));
#2797=DIRECTION('',(0.,-1.,0.));
#2798=DIRECTION('',(-1.,0.,0.));
#2799=DIRECTION('',(0.,-1.,0.));
#2800=DIRECTION('',(-1.,0.,0.));
#2801=DIRECTION('',(-1.,0.,0.));
#2802=DIRECTION('',(0.,0.,1.));
#2803=DIRECTION('',(0.,0.,-1.));
#2804=DIRECTION('',(0.,0.866025403784439,0.5));
#2805=DIRECTION('',(0.,0.866025403784438,-0.5));
#2806=DIRECTION('',(0.,0.,-1.));
#2807=DIRECTION('',(0.,-0.866025403784439,-0.5));
#2808=DIRECTION('',(0.,-0.866025403784438,0.5));
#2809=DIRECTION('',(0.,0.,-1.));
#2810=DIRECTION('',(-1.,0.,0.));
#2811=DIRECTION('',(0.,0.,1.));
#2812=DIRECTION('',(-1.,0.,0.));
#2813=DIRECTION('',(0.,0.,1.));
#2814=DIRECTION('',(-1.,0.,0.));
#2815=DIRECTION('',(0.,0.,1.));
#2816=DIRECTION('',(-1.,0.,0.));
#2817=DIRECTION('',(0.,0.,1.));
#2818=DIRECTION('',(-1.,0.,0.));
#2819=DIRECTION('',(0.,0.,1.));
#2820=DIRECTION('',(1.,0.,0.));
#2821=DIRECTION('',(0.,1.,0.));
#2822=DIRECTION('',(0.,0.866025403784438,-0.5));
#2823=DIRECTION('',(0.,0.866025403784439,0.5));
#2824=DIRECTION('',(0.,0.,1.));
#2825=DIRECTION('',(0.,-0.866025403784438,0.5));
#2826=DIRECTION('',(0.,-0.866025403784439,-0.5));
#2827=DIRECTION('',(0.,-2.18518487089041E-15,-1.));
#2828=DIRECTION('',(0.,-0.5,-0.866025403784438));
#2829=DIRECTION('',(0.,0.866025403784438,-0.5));
#2830=DIRECTION('',(1.,0.,0.));
#2831=DIRECTION('',(0.,0.866025403784438,-0.5));
#2832=DIRECTION('',(1.,0.,0.));
#2833=DIRECTION('',(0.,0.5,-0.866025403784439));
#2834=DIRECTION('',(0.,0.866025403784439,0.5));
#2835=DIRECTION('',(0.,0.866025403784439,0.5));
#2836=DIRECTION('',(1.,0.,0.));
#2837=DIRECTION('',(0.,1.,0.));
#2838=DIRECTION('',(0.,0.,1.));
#2839=DIRECTION('',(0.,0.,1.));
#2840=DIRECTION('',(1.,0.,0.));
#2841=DIRECTION('',(0.,0.5,0.866025403784438));
#2842=DIRECTION('',(0.,-0.866025403784438,0.5));
#2843=DIRECTION('',(0.,-0.866025403784438,0.5));
#2844=DIRECTION('',(1.,0.,0.));
#2845=DIRECTION('',(0.,-0.5,0.866025403784439));
#2846=DIRECTION('',(0.,-0.866025403784439,-0.5));
#2847=DIRECTION('',(0.,-0.866025403784439,-0.5));
#2848=DIRECTION('',(1.,0.,0.));
#2849=DIRECTION('',(0.,-1.,2.18518487089041E-15));
#2850=DIRECTION('',(0.,-2.18518487089041E-15,-1.));
#2851=DIRECTION('',(0.,-2.18518487089041E-15,-1.));
#2852=DIRECTION('',(-0.707106781186545,0.353553390593276,0.612372435695796));
#2853=DIRECTION('',(0.,-0.866025403784438,0.5));
#2854=DIRECTION('',(-0.65465367070798,-0.654653670707975,-0.377964473009226));
#2855=DIRECTION('',(-0.654653670707979,1.50555859430727E-15,-0.755928946018453));
#2856=DIRECTION('',(-0.707106781186547,-0.353553390593274,0.612372435695796));
#2857=DIRECTION('',(0.,-0.866025403784439,-0.5));
#2858=DIRECTION('',(-0.707106781186547,-0.353553390593274,0.612372435695796));
#2859=DIRECTION('',(-0.547722557505167,-0.273861278752583,-0.790569415042094));
#2860=DIRECTION('',(-0.654653670707979,0.654653670707974,-0.37796447300923));
#2861=DIRECTION('',(-0.707106781186545,0.70710678118655,0.));
#2862=DIRECTION('',(0.,0.,1.));
#2863=DIRECTION('',(-0.654653670707979,-0.654653670707974,0.377964473009229));
#2864=DIRECTION('',(-0.707106781186545,-0.70710678118655,1.54515904035286E-15));
#2865=DIRECTION('',(0.,-2.18518487089041E-15,-1.));
#2866=DIRECTION('',(0.,0.,-1.));
#2867=DIRECTION('',(-0.654653670707979,0.654653670707976,0.377964473009228));
#2868=DIRECTION('',(-0.707106781186547,0.353553390593274,-0.612372435695796));
#2869=DIRECTION('',(0.,0.866025403784439,0.5));
#2870=DIRECTION('',(0.654653670707978,0.,-0.755928946018454));
#2871=DIRECTION('',(-0.707106781186546,-0.353553390593275,-0.612372435695795));
#2872=DIRECTION('',(0.,0.866025403784438,-0.5));
#2873=DIRECTION('',(-0.707106781186546,-0.353553390593275,-0.612372435695795));
#2874=DIRECTION('',(0.547722557505166,0.273861278752584,-0.790569415042094));
#2875=DIRECTION('',(1.,0.,0.));
#2876=DIRECTION('',(0.,0.,-1.));
#2877=DIRECTION('',(0.707106781186548,0.,-0.707106781186548));
#2878=DIRECTION('',(0.707106781186548,0.,0.707106781186548));
#2879=DIRECTION('',(0.,0.,-1.));
#2880=DIRECTION('',(-1.,0.,0.));
#2881=DIRECTION('',(-1.,0.,0.));
#2882=DIRECTION('',(0.,0.,1.));
#2883=DIRECTION('',(0.,-1.,0.));
#2884=DIRECTION('',(0.,0.,1.));
#2885=DIRECTION('',(-1.,0.,0.));
#2886=DIRECTION('',(0.,0.,1.));
#2887=DIRECTION('',(0.,0.,1.));
#2888=DIRECTION('',(0.,-1.,0.));
#2889=DIRECTION('',(0.,0.,-1.));
#2890=DIRECTION('',(1.,0.,0.));
#2891=DIRECTION('',(1.,-6.93889390390723E-16,0.));
#2892=DIRECTION('',(-6.93889390390723E-16,-1.,0.));
#2893=DIRECTION('',(1.,-6.93889390390723E-16,0.));
#2894=DIRECTION('',(0.,0.,1.));
#2895=DIRECTION('',(1.,0.,0.));
#2896=DIRECTION('',(0.,0.,-1.));
#2897=DIRECTION('',(-1.,0.,0.));
#2898=DIRECTION('',(1.,-6.93889390390723E-16,0.));
#2899=DIRECTION('',(0.,-1.,0.));
#2900=DIRECTION('',(1.,0.,0.));
#2901=DIRECTION('',(0.,-1.,0.));
#2902=DIRECTION('',(1.,0.,0.));
#2903=DIRECTION('',(0.,-1.,0.));
#2904=DIRECTION('',(1.,0.,0.));
#2905=DIRECTION('',(0.,-1.,0.));
#2906=DIRECTION('',(1.,0.,0.));
#2907=DIRECTION('',(0.,-1.,0.));
#2908=DIRECTION('',(1.,0.,0.));
#2909=DIRECTION('',(0.,-1.,0.));
#2910=DIRECTION('',(0.,-1.,0.));
#2911=DIRECTION('',(0.,0.,-1.));
#2912=DIRECTION('',(0.,1.,0.));
#2913=DIRECTION('',(0.,0.,1.));
#2914=DIRECTION('',(0.,1.,0.));
#2915=DIRECTION('',(0.,0.,1.));
#2916=DIRECTION('',(0.,-1.,0.));
#2917=DIRECTION('',(0.,0.,1.));
#2918=DIRECTION('',(1.,0.,0.));
#2919=DIRECTION('',(-1.,0.,0.));
#2920=DIRECTION('',(0.,1.,0.));
#2921=DIRECTION('',(-1.,0.,0.));
#2922=DIRECTION('',(0.,1.,0.));
#2923=DIRECTION('',(0.,-1.,0.));
#2924=DIRECTION('',(0.,-1.,0.));
#2925=DIRECTION('',(0.,0.,-1.));
#2926=DIRECTION('',(0.,1.,0.));
#2927=DIRECTION('',(0.,0.,1.));
#2928=DIRECTION('',(0.,1.,0.));
#2929=DIRECTION('',(0.,0.,1.));
#2930=DIRECTION('',(0.,-1.,0.));
#2931=DIRECTION('',(0.,0.,-1.));
#2932=DIRECTION('',(0.,-1.,0.));
#2933=DIRECTION('',(0.,1.,0.));
#2934=DIRECTION('',(0.,0.,1.));
#2935=DIRECTION('',(0.,-1.,0.));
#2936=DIRECTION('',(0.,0.,-1.));
#2937=DIRECTION('',(0.,0.,-1.));
#2938=DIRECTION('',(-1.,0.,0.));
#2939=DIRECTION('',(0.,-1.,0.));
#2940=DIRECTION('',(1.,0.,0.));
#2941=DIRECTION('',(1.,0.,0.));
#2942=DIRECTION('',(0.,-1.,0.));
#2943=DIRECTION('',(0.,0.,-1.));
#2944=DIRECTION('',(0.,1.,0.));
#2945=DIRECTION('',(0.,0.,1.));
#2946=DIRECTION('',(0.,-1.,0.));
#2947=DIRECTION('',(0.,0.,-1.));
#2948=DIRECTION('',(0.,1.,0.));
#2949=DIRECTION('',(-1.,0.,0.));
#2950=DIRECTION('',(0.,-1.,0.));
#2951=DIRECTION('',(0.,0.,-1.));
#2952=DIRECTION('',(0.,-1.,0.));
#2953=DIRECTION('',(0.,0.,-1.));
#2954=DIRECTION('',(-1.,0.,0.));
#2955=DIRECTION('',(0.,1.,0.));
#2956=DIRECTION('',(-1.,0.,0.));
#2957=DIRECTION('',(1.,0.,0.));
#2958=DIRECTION('',(0.,0.,-1.));
#2959=DIRECTION('',(0.,0.,1.));
#2960=DIRECTION('',(0.,1.,0.));
#2961=DIRECTION('',(-1.,0.,0.));
#2962=DIRECTION('',(0.,0.,-1.));
#2963=DIRECTION('',(-1.,0.,0.));
#2964=DIRECTION('',(0.,1.,0.));
#2965=DIRECTION('',(-1.,0.,0.));
#2966=DIRECTION('',(0.,1.,0.));
#2967=DIRECTION('',(0.,1.,0.));
#2968=DIRECTION('',(0.,0.,1.));
#2969=DIRECTION('',(0.,-1.,0.));
#2970=DIRECTION('',(0.,0.,-1.));
#2971=DIRECTION('',(0.,1.,0.));
#2972=DIRECTION('',(0.,0.,1.));
#2973=DIRECTION('',(0.,-1.,0.));
#2974=DIRECTION('',(0.,0.,-1.));
#2975=DIRECTION('',(0.,-1.,0.));
#2976=DIRECTION('',(1.,0.,0.));
#2977=DIRECTION('',(-1.,0.,0.));
#2978=DIRECTION('',(0.,0.,1.));
#2979=DIRECTION('',(0.,0.,1.));
#2980=DIRECTION('',(0.,-1.,0.));
#2981=DIRECTION('',(0.,0.,1.));
#2982=DIRECTION('',(0.,-0.707106781186548,-0.707106781186548));
#2983=DIRECTION('',(-6.93889390390723E-16,-1.,0.));
#2984=DIRECTION('',(1.,-6.93889390390723E-16,0.));
#2985=DIRECTION('',(0.,0.,1.));
#2986=DIRECTION('',(1.,-6.93889390390723E-16,0.));
#2987=DIRECTION('',(-1.,0.,0.));
#2988=DIRECTION('',(0.,0.,1.));
#2989=DIRECTION('',(0.,0.707106781186548,0.707106781186548));
#2990=DIRECTION('',(0.,0.,1.));
#2991=DIRECTION('',(0.,-1.,0.));
#2992=DIRECTION('',(-6.93889390390723E-16,-1.,0.));
#2993=DIRECTION('',(1.,-6.93889390390723E-16,0.));
#2994=DIRECTION('',(1.,-6.93889390390723E-16,0.));
#2995=DIRECTION('',(1.,-6.93889390390723E-16,0.));
#2996=DIRECTION('',(0.,0.,-1.));
#2997=DIRECTION('',(1.,0.,0.));
#2998=DIRECTION('',(0.,-0.707106781186548,0.707106781186548));
#2999=DIRECTION('',(-1.,0.,0.));
#3000=DIRECTION('',(0.,0.,1.));
#3001=DIRECTION('',(1.,0.,0.));
#3002=DIRECTION('',(1.,0.,0.));
#3003=DIRECTION('',(0.,0.,-1.));
#3004=DIRECTION('',(-1.,0.,0.));
#3005=DIRECTION('',(0.,0.,1.));
#3006=DIRECTION('',(-1.,0.,0.));
#3007=DIRECTION('',(0.,0.,1.));
#3008=DIRECTION('',(0.,0.,1.));
#3009=DIRECTION('',(1.,0.,0.));
#3010=DIRECTION('',(0.,-1.,0.));
#3011=DIRECTION('',(1.,0.,0.));
#3012=DIRECTION('',(0.,-1.,0.));
#3013=DIRECTION('',(1.,0.,0.));
#3014=DIRECTION('',(0.,0.,-1.));
#3015=DIRECTION('',(-1.,0.,0.));
#3016=DIRECTION('',(0.,1.,0.));
#3017=DIRECTION('',(1.,0.,0.));
#3018=DIRECTION('',(0.,1.,0.));
#3019=DIRECTION('',(-1.,0.,0.));
#3020=DIRECTION('',(0.,-1.,0.));
#3021=DIRECTION('',(-1.,0.,0.));
#3022=DIRECTION('',(0.,-1.,0.));
#3023=DIRECTION('',(-1.,0.,0.));
#3024=DIRECTION('',(1.,0.,0.));
#3025=DIRECTION('',(0.,0.,-1.));
#3026=DIRECTION('',(-1.,0.,0.));
#3027=DIRECTION('',(0.,0.,1.));
#3028=DIRECTION('',(-1.,0.,0.));
#3029=DIRECTION('',(0.,0.,1.));
#3030=DIRECTION('',(-1.,0.,0.));
#3031=DIRECTION('',(0.,-1.,0.));
#3032=DIRECTION('',(-1.,0.,0.));
#3033=DIRECTION('',(0.,0.,1.));
#3034=DIRECTION('',(0.,0.,-1.));
#3035=DIRECTION('',(-1.,0.,0.));
#3036=DIRECTION('',(0.,-1.,0.));
#3037=DIRECTION('',(0.,0.,-1.));
#3038=DIRECTION('',(-1.,0.,0.));
#3039=DIRECTION('',(0.,0.,1.));
#3040=DIRECTION('',(-1.,0.,0.));
#3041=DIRECTION('',(0.,0.,1.));
#3042=DIRECTION('',(-1.,0.,0.));
#3043=DIRECTION('',(0.,-1.,0.));
#3044=DIRECTION('',(0.,1.,0.));
#3045=DIRECTION('',(-1.,0.,0.));
#3046=DIRECTION('',(0.,0.,1.));
#3047=DIRECTION('',(-1.,0.,0.));
#3048=DIRECTION('',(0.,0.,1.));
#3049=DIRECTION('',(1.,0.,0.));
#3050=DIRECTION('',(0.,0.,-1.));
#3051=DIRECTION('',(0.,-1.,0.));
#3052=DIRECTION('',(0.,0.,1.));
#3053=DIRECTION('',(0.,0.,1.));
#3054=DIRECTION('',(1.,0.,0.));
#3055=DIRECTION('',(0.,-1.,0.));
#3056=DIRECTION('',(-1.,0.,0.));
#3057=DIRECTION('',(1.,0.,0.));
#3058=DIRECTION('',(0.,0.,-1.));
#3059=DIRECTION('',(0.,0.,1.));
#3060=DIRECTION('',(0.,1.,0.));
#3061=DIRECTION('',(-1.,0.,0.));
#3062=CARTESIAN_POINT('',(0.,0.,0.));
#3063=CARTESIAN_POINT('',(-0.0107,0.0392,0.0048));
#3064=CARTESIAN_POINT('',(-0.0107,0.0392,-0.0152));
#3065=CARTESIAN_POINT('',(-0.0052,0.0392,-0.0152));
#3066=CARTESIAN_POINT('',(-0.0162,0.0392,-0.0152));
#3067=CARTESIAN_POINT('',(-0.0162,0.0392,0.0048));
#3068=CARTESIAN_POINT('',(-0.0162,0.0392,0.0048));
#3069=CARTESIAN_POINT('',(-0.0107,0.0392,0.0048));
#3070=CARTESIAN_POINT('',(-0.0052,0.0392,0.0048));
#3071=CARTESIAN_POINT('',(-0.0052,0.0392,0.0048));
#3072=CARTESIAN_POINT('',(-0.0052,0.0386,0.0048));
#3073=CARTESIAN_POINT('',(-0.0052,0.0386,-0.0152));
#3074=CARTESIAN_POINT('',(-0.0052,0.038,-0.0152));
#3075=CARTESIAN_POINT('',(-0.0052,0.0386,0.0048));
#3076=CARTESIAN_POINT('',(-0.0052,0.038,0.0048));
#3077=CARTESIAN_POINT('',(-0.0052,0.038,0.0048));
#3078=CARTESIAN_POINT('',(-0.0202,0.0414,0.0048));
#3079=CARTESIAN_POINT('',(-0.0202,0.0448,0.0048));
#3080=CARTESIAN_POINT('',(-0.0202,0.0448,0.0048));
#3081=CARTESIAN_POINT('',(-0.0202,0.0448,-0.0182));
#3082=CARTESIAN_POINT('',(-0.0202,0.0414,-0.0182));
#3083=CARTESIAN_POINT('',(-0.0202,0.038,-0.0182));
#3084=CARTESIAN_POINT('',(-0.0202,0.038,0.0048));
#3085=CARTESIAN_POINT('',(-0.0202,0.038,0.0048));
#3086=CARTESIAN_POINT('',(-0.0202,0.0414,0.0048));
#3087=CARTESIAN_POINT('',(0.,0.0448,0.0048));
#3088=CARTESIAN_POINT('',(0.0202,0.0448,0.0048));
#3089=CARTESIAN_POINT('',(0.0202,0.0448,0.0048));
#3090=CARTESIAN_POINT('',(0.0202,0.0448,-0.0182));
#3091=CARTESIAN_POINT('',(0.,0.0448,-0.0182));
#3092=CARTESIAN_POINT('',(0.,0.0448,0.0048));
#3093=CARTESIAN_POINT('',(0.0202,0.0414,0.0048));
#3094=CARTESIAN_POINT('',(0.0202,0.038,0.0048));
#3095=CARTESIAN_POINT('',(0.0202,0.038,0.0048));
#3096=CARTESIAN_POINT('',(0.0202,0.038,-0.0182));
#3097=CARTESIAN_POINT('',(0.0202,0.0414,-0.0182));
#3098=CARTESIAN_POINT('',(0.0202,0.0414,0.0048));
#3099=CARTESIAN_POINT('',(0.0102,0.038,0.0048));
#3100=CARTESIAN_POINT('',(0.0002,0.038,0.0048));
#3101=CARTESIAN_POINT('',(0.0002,0.038,0.0048));
#3102=CARTESIAN_POINT('',(0.0002,0.038,-0.0152));
#3103=CARTESIAN_POINT('',(-0.0127,0.038,-0.0152));
#3104=CARTESIAN_POINT('',(-0.0127,0.038,0.0048));
#3105=CARTESIAN_POINT('',(-0.0127,0.038,-0.0182));
#3106=CARTESIAN_POINT('',(0.0102,0.038,0.0048));
#3107=CARTESIAN_POINT('',(0.0002,0.0386,0.0048));
#3108=CARTESIAN_POINT('',(0.0002,0.0386,-0.0152));
#3109=CARTESIAN_POINT('',(0.0002,0.0392,-0.0152));
#3110=CARTESIAN_POINT('',(0.0002,0.0386,0.0048));
#3111=CARTESIAN_POINT('',(0.0002,0.0392,0.0048));
#3112=CARTESIAN_POINT('',(0.0002,0.0392,0.0048));
#3113=CARTESIAN_POINT('',(0.0082,0.0392,0.0048));
#3114=CARTESIAN_POINT('',(0.0082,0.0392,-0.0152));
#3115=CARTESIAN_POINT('',(0.0162,0.0392,-0.0152));
#3116=CARTESIAN_POINT('',(0.0082,0.0392,0.0048));
#3117=CARTESIAN_POINT('',(0.0162,0.0392,0.0048));
#3118=CARTESIAN_POINT('',(0.0162,0.0392,0.0048));
#3119=CARTESIAN_POINT('',(0.0162,0.0414,0.0048));
#3120=CARTESIAN_POINT('',(0.0162,0.0414,-0.0152));
#3121=CARTESIAN_POINT('',(0.0162,0.0436,-0.0152));
#3122=CARTESIAN_POINT('',(0.0162,0.0414,0.0048));
#3123=CARTESIAN_POINT('',(0.0162,0.0436,0.0048));
#3124=CARTESIAN_POINT('',(0.0162,0.0436,0.0048));
#3125=CARTESIAN_POINT('',(0.,0.0436,0.0048));
#3126=CARTESIAN_POINT('',(0.,0.0436,-0.0152));
#3127=CARTESIAN_POINT('',(-0.0162,0.0436,-0.0152));
#3128=CARTESIAN_POINT('',(0.,0.0436,0.0048));
#3129=CARTESIAN_POINT('',(-0.0162,0.0436,0.0048));
#3130=CARTESIAN_POINT('',(-0.0162,0.0436,0.0048));
#3131=CARTESIAN_POINT('',(-0.0162,0.0414,0.0048));
#3132=CARTESIAN_POINT('',(-0.0162,0.0414,-0.0152));
#3133=CARTESIAN_POINT('',(-0.0162,0.0414,0.0048));
#3134=CARTESIAN_POINT('',(0.,0.038,0.0048));
#3135=CARTESIAN_POINT('',(0.,0.0414,-0.0182));
#3136=CARTESIAN_POINT('',(0.,0.0414,-0.0152));
#3137=CARTESIAN_POINT('',(0.,0.,0.));
#3138=CARTESIAN_POINT('',(-0.059975221465027,0.0312,-0.0112));
#3139=CARTESIAN_POINT('',(0.,0.0312,-0.0112));
#3140=CARTESIAN_POINT('',(0.,0.0312,-0.00965));
#3141=CARTESIAN_POINT('',(0.0025,0.0312,-0.0112));
#3142=CARTESIAN_POINT('',(0.0025,0.0312,-0.01275));
#3143=CARTESIAN_POINT('',(0.,0.0252,-0.0031));
#3144=CARTESIAN_POINT('',(0.,0.0252,-0.0152));
#3145=CARTESIAN_POINT('',(0.009,0.0252,-0.0152));
#3146=CARTESIAN_POINT('',(0.016,0.0252,-0.0152));
#3147=CARTESIAN_POINT('',(0.009,0.0252,-0.0031));
#3148=CARTESIAN_POINT('',(0.009,0.0252,-0.0032));
#3149=CARTESIAN_POINT('',(0.,0.0252,-0.0032));
#3150=CARTESIAN_POINT('',(0.,0.0252,-0.0032));
#3151=CARTESIAN_POINT('',(0.,0.0252,-0.0112));
#3152=CARTESIAN_POINT('',(0.,0.0252,-0.0152));
#3153=CARTESIAN_POINT('',(0.,0.0252,-0.0152));
#3154=CARTESIAN_POINT('',(-0.016,0.0252,-0.0152));
#3155=CARTESIAN_POINT('',(-0.016,0.0252,-0.009));
#3156=CARTESIAN_POINT('',(-0.0222,0.0252,-0.009));
#3157=CARTESIAN_POINT('',(-0.0222,0.0252,0.));
#3158=CARTESIAN_POINT('',(-0.0222,0.0252,0.009));
#3159=CARTESIAN_POINT('',(-0.0594285156327554,0.0252,0.009));
#3160=CARTESIAN_POINT('',(0.0222,0.0252,0.009));
#3161=CARTESIAN_POINT('',(0.0222,0.0252,0.));
#3162=CARTESIAN_POINT('',(0.0222,0.0252,-0.009));
#3163=CARTESIAN_POINT('',(0.016,0.0252,-0.009));
#3164=CARTESIAN_POINT('',(0.021,0.024,0.));
#3165=CARTESIAN_POINT('',(0.021,0.024,-0.009));
#3166=CARTESIAN_POINT('',(0.021,0.024,-0.009));
#3167=CARTESIAN_POINT('',(0.021,0.018,-0.009));
#3168=CARTESIAN_POINT('',(0.021,0.018,-0.014002));
#3169=CARTESIAN_POINT('',(0.021,0.018,0.009));
#3170=CARTESIAN_POINT('',(0.021,0.024,0.009));
#3171=CARTESIAN_POINT('',(0.021,0.024,0.009));
#3172=CARTESIAN_POINT('',(0.021,0.024,0.));
#3173=CARTESIAN_POINT('',(-0.021,0.024,0.));
#3174=CARTESIAN_POINT('',(-0.021,0.018,-0.014002));
#3175=CARTESIAN_POINT('',(-0.021,0.018,-0.009));
#3176=CARTESIAN_POINT('',(-0.021,0.018,0.009));
#3177=CARTESIAN_POINT('',(-0.021,0.024,-0.009));
#3178=CARTESIAN_POINT('',(-0.021,0.024,-0.009));
#3179=CARTESIAN_POINT('',(-0.021,0.024,0.));
#3180=CARTESIAN_POINT('',(-0.021,0.024,0.009));
#3181=CARTESIAN_POINT('',(-0.021,0.024,0.009));
#3182=CARTESIAN_POINT('',(-0.016,0.024,-0.009));
#3183=CARTESIAN_POINT('',(-0.016,0.018,-0.009));
#3184=CARTESIAN_POINT('',(-0.016,0.018,-0.014));
#3185=CARTESIAN_POINT('',(-0.016,0.024,-0.014));
#3186=CARTESIAN_POINT('',(-0.016,0.024,-0.014));
#3187=CARTESIAN_POINT('',(-0.016,0.024,-0.009));
#3188=CARTESIAN_POINT('',(0.016,0.024,-0.009));
#3189=CARTESIAN_POINT('',(0.016,0.018,-0.009));
#3190=CARTESIAN_POINT('',(0.016,0.018,-0.014));
#3191=CARTESIAN_POINT('',(0.016,0.024,-0.009));
#3192=CARTESIAN_POINT('',(0.016,0.024,-0.014));
#3193=CARTESIAN_POINT('',(0.016,0.024,-0.014));
#3194=CARTESIAN_POINT('',(-0.0594285156327554,0.0134,0.009));
#3195=CARTESIAN_POINT('',(0.01325,0.0168,0.009));
#3196=CARTESIAN_POINT('',(0.0055,0.0168,0.009));
#3197=CARTESIAN_POINT('',(0.021,0.0168,0.009));
#3198=CARTESIAN_POINT('',(0.021,0.024,0.009));
#3199=CARTESIAN_POINT('',(0.021,0.0048,0.009));
#3200=CARTESIAN_POINT('',(-0.0594285156327554,0.0048,0.009));
#3201=CARTESIAN_POINT('',(0.0222,0.0048,0.009));
#3202=CARTESIAN_POINT('',(0.0222,0.024,0.009));
#3203=CARTESIAN_POINT('',(-0.0222,0.024,0.009));
#3204=CARTESIAN_POINT('',(-0.0222,0.0048,0.009));
#3205=CARTESIAN_POINT('',(-0.0594285156327554,0.0048,0.009));
#3206=CARTESIAN_POINT('',(-0.021,0.0048,0.009));
#3207=CARTESIAN_POINT('',(-0.021,0.024,0.009));
#3208=CARTESIAN_POINT('',(-0.021,0.0168,0.009));
#3209=CARTESIAN_POINT('',(-0.01325,0.0168,0.009));
#3210=CARTESIAN_POINT('',(-0.0055,0.0168,0.009));
#3211=CARTESIAN_POINT('',(-0.0055,0.0174,0.009));
#3212=CARTESIAN_POINT('',(-0.0055,0.018,0.009));
#3213=CARTESIAN_POINT('',(-0.01325,0.018,0.009));
#3214=CARTESIAN_POINT('',(-0.0594285156327554,0.024,0.009));
#3215=CARTESIAN_POINT('',(-0.005,0.024,0.009));
#3216=CARTESIAN_POINT('',(-0.005,0.024,0.009));
#3217=CARTESIAN_POINT('',(-0.005,0.0246,0.009));
#3218=CARTESIAN_POINT('',(0.,0.0246,0.009));
#3219=CARTESIAN_POINT('',(0.005,0.0246,0.009));
#3220=CARTESIAN_POINT('',(0.005,0.024,0.009));
#3221=CARTESIAN_POINT('',(0.005,0.024,0.009));
#3222=CARTESIAN_POINT('',(-0.0594285156327554,0.024,0.009));
#3223=CARTESIAN_POINT('',(0.01325,0.018,0.009));
#3224=CARTESIAN_POINT('',(0.0055,0.018,0.009));
#3225=CARTESIAN_POINT('',(0.0055,0.0174,0.009));
#3226=CARTESIAN_POINT('',(-0.016,0.004,0.009));
#3227=CARTESIAN_POINT('',(-0.016,0.0028,0.009));
#3228=CARTESIAN_POINT('',(-0.016,0.0028,0.0138157568056678));
#3229=CARTESIAN_POINT('',(-0.0208157568056678,0.0028,0.009));
#3230=CARTESIAN_POINT('',(-0.016,0.004,0.01));
#3231=CARTESIAN_POINT('',(-0.016,0.,0.01));
#3232=CARTESIAN_POINT('',(-0.016,0.,0.009));
#3233=CARTESIAN_POINT('',(-0.017,0.,0.009));
#3234=CARTESIAN_POINT('',(-0.017,0.004,0.009));
#3235=CARTESIAN_POINT('',(0.016,0.004,0.009));
#3236=CARTESIAN_POINT('',(0.016,0.0028,0.009));
#3237=CARTESIAN_POINT('',(0.0208157568056678,0.0028,0.009));
#3238=CARTESIAN_POINT('',(0.016,0.0028,0.0138157568056678));
#3239=CARTESIAN_POINT('',(0.017,0.004,0.009));
#3240=CARTESIAN_POINT('',(0.017,0.,0.009));
#3241=CARTESIAN_POINT('',(0.016,0.,0.009));
#3242=CARTESIAN_POINT('',(0.016,0.,0.01));
#3243=CARTESIAN_POINT('',(0.016,0.004,0.01));
#3244=CARTESIAN_POINT('',(0.,0.004,0.01));
#3245=CARTESIAN_POINT('',(0.,0.0028,0.0138157568056678));
#3246=CARTESIAN_POINT('',(0.,0.,0.01));
#3247=CARTESIAN_POINT('',(0.0222,0.024,0.));
#3248=CARTESIAN_POINT('',(0.0222,0.0048,0.009));
#3249=CARTESIAN_POINT('',(0.0222,0.0028,0.009));
#3250=CARTESIAN_POINT('',(0.0222,0.0028,-0.009));
#3251=CARTESIAN_POINT('',(0.0222,0.0028,-0.009));
#3252=CARTESIAN_POINT('',(0.0222,0.024,-0.009));
#3253=CARTESIAN_POINT('',(-0.0222,0.024,0.));
#3254=CARTESIAN_POINT('',(-0.0222,0.024,-0.009));
#3255=CARTESIAN_POINT('',(-0.0222,0.0028,-0.009));
#3256=CARTESIAN_POINT('',(-0.0222,0.0028,0.));
#3257=CARTESIAN_POINT('',(-0.0222,0.0028,0.009));
#3258=CARTESIAN_POINT('',(-0.0222,0.0048,0.009));
#3259=CARTESIAN_POINT('',(-0.016,0.024,-0.009));
#3260=CARTESIAN_POINT('',(-0.016,0.024,-0.0152));
#3261=CARTESIAN_POINT('',(-0.016,0.0028,-0.0152));
#3262=CARTESIAN_POINT('',(-0.016,0.0028,-0.009));
#3263=CARTESIAN_POINT('',(0.,0.024,-0.0152));
#3264=CARTESIAN_POINT('',(0.,0.0352,-0.0152));
#3265=CARTESIAN_POINT('',(0.,0.0312,-0.0152));
#3266=CARTESIAN_POINT('',(0.,0.0312,-0.0152));
#3267=CARTESIAN_POINT('',(0.005,0.0312,-0.0152));
#3268=CARTESIAN_POINT('',(0.005,0.0352,-0.0152));
#3269=CARTESIAN_POINT('',(0.005,0.0292,-0.0152));
#3270=CARTESIAN_POINT('',(0.009,0.0292,-0.0152));
#3271=CARTESIAN_POINT('',(0.016,0.024,-0.0152));
#3272=CARTESIAN_POINT('',(0.016,0.0028,-0.0152));
#3273=CARTESIAN_POINT('',(0.,0.0028,-0.0152));
#3274=CARTESIAN_POINT('',(0.016,0.024,-0.009));
#3275=CARTESIAN_POINT('',(0.016,0.0028,-0.009));
#3276=CARTESIAN_POINT('',(0.,-0.0012,0.));
#3277=CARTESIAN_POINT('',(0.,-0.0012,-3.91886975727153E-19));
#3278=CARTESIAN_POINT('',(0.,-0.0012,-0.0064));
#3279=CARTESIAN_POINT('',(0.0182,-0.0012,0.009));
#3280=CARTESIAN_POINT('',(0.0182,-0.0012,-0.009));
#3281=CARTESIAN_POINT('',(0.0182,-0.0012,0.009));
#3282=CARTESIAN_POINT('',(0.016,-0.0012,0.009));
#3283=CARTESIAN_POINT('',(0.016,-0.0012,0.0112));
#3284=CARTESIAN_POINT('',(-0.016,-0.0012,0.0112));
#3285=CARTESIAN_POINT('',(-0.016,-0.0012,0.0112));
#3286=CARTESIAN_POINT('',(-0.016,-0.0012,0.009));
#3287=CARTESIAN_POINT('',(-0.0182,-0.0012,0.009));
#3288=CARTESIAN_POINT('',(-0.0182,-0.0012,0.));
#3289=CARTESIAN_POINT('',(-0.0182,-0.0012,-0.009));
#3290=CARTESIAN_POINT('',(-0.016,-0.0012,-0.009));
#3291=CARTESIAN_POINT('',(-0.016,-0.0012,-0.0112));
#3292=CARTESIAN_POINT('',(0.,-0.0012,-0.0112));
#3293=CARTESIAN_POINT('',(0.016,-0.0012,-0.0112));
#3294=CARTESIAN_POINT('',(0.016,-0.0012,-0.009));
#3295=CARTESIAN_POINT('',(0.021,0.024,0.));
#3296=CARTESIAN_POINT('',(0.021,0.0168,-0.014002));
#3297=CARTESIAN_POINT('',(0.021,0.0168,-0.009));
#3298=CARTESIAN_POINT('',(0.021,0.024,-0.009));
#3299=CARTESIAN_POINT('',(0.021,0.004,-0.009));
#3300=CARTESIAN_POINT('',(0.021,0.004,0.));
#3301=CARTESIAN_POINT('',(0.021,0.004,0.009));
#3302=CARTESIAN_POINT('',(0.021,0.024,0.009));
#3303=CARTESIAN_POINT('',(-0.021,0.024,0.));
#3304=CARTESIAN_POINT('',(-0.021,0.024,-0.009));
#3305=CARTESIAN_POINT('',(-0.021,0.0168,-0.009));
#3306=CARTESIAN_POINT('',(-0.021,0.004,-0.009));
#3307=CARTESIAN_POINT('',(-0.021,0.0168,-0.014002));
#3308=CARTESIAN_POINT('',(-0.021,0.024,0.009));
#3309=CARTESIAN_POINT('',(-0.021,0.004,0.009));
#3310=CARTESIAN_POINT('',(-0.021,0.004,-0.009));
#3311=CARTESIAN_POINT('',(-0.016,0.024,-0.009));
#3312=CARTESIAN_POINT('',(-0.016,0.024,-0.014));
#3313=CARTESIAN_POINT('',(-0.016,0.0168,-0.014));
#3314=CARTESIAN_POINT('',(-0.016,0.004,-0.014));
#3315=CARTESIAN_POINT('',(-0.016,0.0168,-0.009));
#3316=CARTESIAN_POINT('',(-0.016,0.004,-0.009));
#3317=CARTESIAN_POINT('',(0.,0.024,-0.014));
#3318=CARTESIAN_POINT('',(-0.01325,0.018,-0.014));
#3319=CARTESIAN_POINT('',(-0.0055,0.018,-0.014));
#3320=CARTESIAN_POINT('',(-0.0055,0.0174,-0.014));
#3321=CARTESIAN_POINT('',(-0.0055,0.0168,-0.014));
#3322=CARTESIAN_POINT('',(-0.01325,0.0168,-0.014));
#3323=CARTESIAN_POINT('',(0.016,0.004,-0.014));
#3324=CARTESIAN_POINT('',(0.016,0.004,-0.014));
#3325=CARTESIAN_POINT('',(0.016,0.024,-0.014));
#3326=CARTESIAN_POINT('',(0.016,0.0168,-0.014));
#3327=CARTESIAN_POINT('',(0.01325,0.0168,-0.014));
#3328=CARTESIAN_POINT('',(0.0055,0.0168,-0.014));
#3329=CARTESIAN_POINT('',(0.0055,0.0174,-0.014));
#3330=CARTESIAN_POINT('',(0.0055,0.018,-0.014));
#3331=CARTESIAN_POINT('',(0.01325,0.018,-0.014));
#3332=CARTESIAN_POINT('',(0.,0.024,-0.014));
#3333=CARTESIAN_POINT('',(0.016,0.024,-0.009));
#3334=CARTESIAN_POINT('',(0.016,0.0168,-0.009));
#3335=CARTESIAN_POINT('',(0.016,0.004,-0.009));
#3336=CARTESIAN_POINT('',(0.,0.,0.));
#3337=CARTESIAN_POINT('',(0.,0.,-3.91886975727153E-19));
#3338=CARTESIAN_POINT('',(0.,0.,0.0064));
#3339=CARTESIAN_POINT('',(0.017,0.,0.));
#3340=CARTESIAN_POINT('',(0.017,0.,-0.009));
#3341=CARTESIAN_POINT('',(0.016,0.,-0.009));
#3342=CARTESIAN_POINT('',(0.016,0.,-0.01));
#3343=CARTESIAN_POINT('',(-0.016,0.,-0.01));
#3344=CARTESIAN_POINT('',(-0.016,0.,-0.01));
#3345=CARTESIAN_POINT('',(-0.016,0.,-0.009));
#3346=CARTESIAN_POINT('',(-0.017,0.,-0.009));
#3347=CARTESIAN_POINT('',(-0.017,0.,0.009));
#3348=CARTESIAN_POINT('',(0.,0.004,-0.01));
#3349=CARTESIAN_POINT('',(0.016,0.004,-0.01));
#3350=CARTESIAN_POINT('',(-0.016,0.004,-0.01));
#3351=CARTESIAN_POINT('',(-0.016,0.004,-0.009));
#3352=CARTESIAN_POINT('',(-0.017,0.004,-0.009));
#3353=CARTESIAN_POINT('',(0.016,0.004,-0.009));
#3354=CARTESIAN_POINT('',(0.017,0.004,-0.009));
#3355=CARTESIAN_POINT('',(-0.017,0.004,0.));
#3356=CARTESIAN_POINT('',(-0.017,0.004,0.009));
#3357=CARTESIAN_POINT('',(0.017,0.004,0.));
#3358=CARTESIAN_POINT('',(0.017,0.004,0.009));
#3359=CARTESIAN_POINT('',(-0.016,0.0028,-0.009));
#3360=CARTESIAN_POINT('',(-0.0182,0.0028,-0.009));
#3361=CARTESIAN_POINT('',(-0.016,0.0028,-0.0112));
#3362=CARTESIAN_POINT('',(0.,0.0028,-0.0112));
#3363=CARTESIAN_POINT('',(0.016,0.0028,-0.0112));
#3364=CARTESIAN_POINT('',(-0.0182,0.0028,0.));
#3365=CARTESIAN_POINT('',(-0.0182,0.0028,0.009));
#3366=CARTESIAN_POINT('',(0.016,0.0028,-0.009));
#3367=CARTESIAN_POINT('',(0.0182,0.0028,-0.009));
#3368=CARTESIAN_POINT('',(-0.016,0.0028,0.009));
#3369=CARTESIAN_POINT('',(-0.016,0.0028,0.0112));
#3370=CARTESIAN_POINT('',(-0.016,0.0028,0.0152));
#3371=CARTESIAN_POINT('',(-0.016,0.0028,0.009));
#3372=CARTESIAN_POINT('',(0.0182,0.0028,0.));
#3373=CARTESIAN_POINT('',(0.0182,0.0028,0.009));
#3374=CARTESIAN_POINT('',(0.,0.0028,0.0112));
#3375=CARTESIAN_POINT('',(0.016,0.0028,0.0112));
#3376=CARTESIAN_POINT('',(0.016,0.0028,0.0152));
#3377=CARTESIAN_POINT('',(0.016,0.0028,0.0152));
#3378=CARTESIAN_POINT('',(0.016,0.0028,0.009));
#3379=CARTESIAN_POINT('',(0.016,0.0028,0.009));
#3380=CARTESIAN_POINT('',(0.,-0.0594285156327554,-3.91886975727153E-19));
#3381=CARTESIAN_POINT('',(-0.0594285156327554,0.0048,0.009));
#3382=CARTESIAN_POINT('',(-0.0594285156327554,0.0048,0.009));
#3383=CARTESIAN_POINT('',(0.0208157568056678,0.0048,0.009));
#3384=CARTESIAN_POINT('',(0.0208157568056678,0.0048,0.009));
#3385=CARTESIAN_POINT('',(0.016,0.0048,0.009));
#3386=CARTESIAN_POINT('',(0.016,0.0048,0.0138157568056678));
#3387=CARTESIAN_POINT('',(0.016,0.0048,0.0138157568056678));
#3388=CARTESIAN_POINT('',(0.016,0.0048,0.009));
#3389=CARTESIAN_POINT('',(0.,0.0048,0.0138157568056678));
#3390=CARTESIAN_POINT('',(-0.016,0.0048,0.0138157568056678));
#3391=CARTESIAN_POINT('',(-0.016,0.0048,0.0138157568056678));
#3392=CARTESIAN_POINT('',(0.,0.0048,0.0138157568056678));
#3393=CARTESIAN_POINT('',(-0.016,0.0048,0.009));
#3394=CARTESIAN_POINT('',(-0.0208157568056678,0.0048,0.009));
#3395=CARTESIAN_POINT('',(-0.0208157568056678,0.0048,0.009));
#3396=CARTESIAN_POINT('',(-0.016,0.0048,0.009));
#3397=CARTESIAN_POINT('',(-0.0594285156327554,0.0048,0.009));
#3398=CARTESIAN_POINT('',(-0.0594285156327554,0.0048,0.009));
#3399=CARTESIAN_POINT('',(-0.016,0.0048,0.009));
#3400=CARTESIAN_POINT('',(-0.016,0.0048,0.0152));
#3401=CARTESIAN_POINT('',(-0.016,0.0048,0.0152));
#3402=CARTESIAN_POINT('',(-0.016,0.0048,0.009));
#3403=CARTESIAN_POINT('',(0.016,0.0048,0.0152));
#3404=CARTESIAN_POINT('',(0.016,0.0048,0.0152));
#3405=CARTESIAN_POINT('',(0.016,0.0048,0.0152));
#3406=CARTESIAN_POINT('',(0.016,0.0048,0.0152));
#3407=CARTESIAN_POINT('',(0.016,0.0048,0.009));
#3408=CARTESIAN_POINT('',(0.016,0.0048,0.009));
#3409=CARTESIAN_POINT('',(-0.0594285156327554,0.0048,0.0121));
#3410=CARTESIAN_POINT('',(0.,0.024,-0.0031));
#3411=CARTESIAN_POINT('',(0.,0.024,0.008));
#3412=CARTESIAN_POINT('',(0.005,0.024,0.008));
#3413=CARTESIAN_POINT('',(-0.005,0.024,0.008));
#3414=CARTESIAN_POINT('',(-0.005,0.024,-0.0031));
#3415=CARTESIAN_POINT('',(0.005,0.024,-0.0031));
#3416=CARTESIAN_POINT('',(0.0055,0.0174,-0.014002));
#3417=CARTESIAN_POINT('',(0.0055,0.018,-0.014002));
#3418=CARTESIAN_POINT('',(0.0055,0.0168,-0.014002));
#3419=CARTESIAN_POINT('',(0.01325,0.018,-0.014002));
#3420=CARTESIAN_POINT('',(0.01325,0.0168,-0.014002));
#3421=CARTESIAN_POINT('',(-0.0055,0.0174,-0.014002));
#3422=CARTESIAN_POINT('',(-0.0055,0.018,-0.014002));
#3423=CARTESIAN_POINT('',(-0.0055,0.0168,-0.014002));
#3424=CARTESIAN_POINT('',(-0.01325,0.0168,-0.014002));
#3425=CARTESIAN_POINT('',(-0.01325,0.018,-0.014002));
#3426=CARTESIAN_POINT('',(0.0025,0.0352,-0.0072));
#3427=CARTESIAN_POINT('',(0.,0.0352,-0.0072));
#3428=CARTESIAN_POINT('',(0.,0.0312,-0.0072));
#3429=CARTESIAN_POINT('',(0.,0.0292,-0.0072));
#3430=CARTESIAN_POINT('',(0.005,0.0292,-0.0072));
#3431=CARTESIAN_POINT('',(0.005,0.0292,-0.0072));
#3432=CARTESIAN_POINT('',(0.005,0.0352,-0.0072));
#3433=CARTESIAN_POINT('',(0.005,0.0312,-0.0072));
#3434=CARTESIAN_POINT('',(0.0025,0.0312,-0.0072));
#3435=CARTESIAN_POINT('',(0.005,0.0352,-0.0112));
#3436=CARTESIAN_POINT('',(0.005,0.0292,-0.0112));
#3437=CARTESIAN_POINT('',(0.005,0.0292,-0.00871739384248462));
#3438=CARTESIAN_POINT('',(0.005,0.032625,-0.00673996917051015));
#3439=CARTESIAN_POINT('',(0.005,0.0312,-0.00756269330410537));
#3440=CARTESIAN_POINT('',(0.005,0.035775,-0.0102040707856479));
#3441=CARTESIAN_POINT('',(0.005,0.03435,-0.00938134665205269));
#3442=CARTESIAN_POINT('',(0.005,0.03435,-0.0112));
#3443=CARTESIAN_POINT('',(0.005,0.03435,-0.0130186533479473));
#3444=CARTESIAN_POINT('',(0.005,0.035775,-0.0121959292143521));
#3445=CARTESIAN_POINT('',(0.005,0.0312,-0.0148373066958946));
#3446=CARTESIAN_POINT('',(0.005,0.032625,-0.0156600308294899));
#3447=CARTESIAN_POINT('',(0.005,0.0292,-0.0136826061575154));
#3448=CARTESIAN_POINT('',(0.005,0.0292,-0.0112));
#3449=CARTESIAN_POINT('',(0.005,0.0312,-0.0112));
#3450=CARTESIAN_POINT('',(0.,0.0352,-0.0112));
#3451=CARTESIAN_POINT('',(0.,0.0312,-0.0112));
#3452=CARTESIAN_POINT('',(0.,0.0292,-0.0032));
#3453=CARTESIAN_POINT('',(0.0025,0.0312,-0.0112));
#3454=CARTESIAN_POINT('',(0.0025,0.0302,-0.0112));
#3455=CARTESIAN_POINT('',(0.0025,0.029825,-0.0135815698604072));
#3456=CARTESIAN_POINT('',(0.0025,0.02845,-0.0127877132402715));
#3457=CARTESIAN_POINT('',(0.0025,0.0312,-0.0143754264805429));
#3458=CARTESIAN_POINT('',(0.0025,0.032575,-0.0135815698604072));
#3459=CARTESIAN_POINT('',(0.0025,0.03395,-0.0127877132402715));
#3460=CARTESIAN_POINT('',(0.0025,0.03395,-0.0112));
#3461=CARTESIAN_POINT('',(0.0025,0.03395,-0.00961228675972854));
#3462=CARTESIAN_POINT('',(0.0025,0.032575,-0.0088184301395928));
#3463=CARTESIAN_POINT('',(0.0025,0.0312,-0.00802457351945707));
#3464=CARTESIAN_POINT('',(0.0025,0.029825,-0.00881843013959281));
#3465=CARTESIAN_POINT('',(0.0025,0.02845,-0.00961228675972853));
#3466=CARTESIAN_POINT('',(0.0025,0.02845,-0.0112));
#3467=CARTESIAN_POINT('',(0.0025,0.029825,-0.0135815698604072));
#3468=CARTESIAN_POINT('',(0.0025,0.02845,-0.0127877132402715));
#3469=CARTESIAN_POINT('',(0.0046,0.02845,-0.0127877132402715));
#3470=CARTESIAN_POINT('',(0.0046,0.029825,-0.0135815698604072));
#3471=CARTESIAN_POINT('',(0.0046,0.0312,-0.0143754264805429));
#3472=CARTESIAN_POINT('',(0.0025,0.0312,-0.0143754264805429));
#3473=CARTESIAN_POINT('',(0.0025,0.032575,-0.0135815698604072));
#3474=CARTESIAN_POINT('',(0.0046,0.032575,-0.0135815698604072));
#3475=CARTESIAN_POINT('',(0.0046,0.03395,-0.0127877132402715));
#3476=CARTESIAN_POINT('',(0.0025,0.03395,-0.0127877132402715));
#3477=CARTESIAN_POINT('',(0.0025,0.03395,-0.0112));
#3478=CARTESIAN_POINT('',(0.0046,0.03395,-0.0112));
#3479=CARTESIAN_POINT('',(0.0046,0.03395,-0.00961228675972854));
#3480=CARTESIAN_POINT('',(0.0025,0.03395,-0.00961228675972854));
#3481=CARTESIAN_POINT('',(0.0025,0.032575,-0.0088184301395928));
#3482=CARTESIAN_POINT('',(0.0046,0.032575,-0.0088184301395928));
#3483=CARTESIAN_POINT('',(0.0046,0.0312,-0.00802457351945707));
#3484=CARTESIAN_POINT('',(0.0025,0.0312,-0.00802457351945707));
#3485=CARTESIAN_POINT('',(0.0025,0.029825,-0.00881843013959281));
#3486=CARTESIAN_POINT('',(0.0046,0.029825,-0.00881843013959281));
#3487=CARTESIAN_POINT('',(0.0046,0.02845,-0.00961228675972853));
#3488=CARTESIAN_POINT('',(0.0025,0.02845,-0.00961228675972853));
#3489=CARTESIAN_POINT('',(0.0025,0.02845,-0.0112));
#3490=CARTESIAN_POINT('',(0.0046,0.02845,-0.0112));
#3491=CARTESIAN_POINT('',(0.0046,0.032575,-0.0088184301395928));
#3492=CARTESIAN_POINT('',(0.00420714285714285,0.0335571428571429,-0.00983910293691018));
#3493=CARTESIAN_POINT('',(0.00420714285714286,0.0312,-0.00847820587382035));
#3494=CARTESIAN_POINT('',(0.0046,0.029825,-0.00881843013959281));
#3495=CARTESIAN_POINT('',(0.009,0.0292,-0.00409859168896763));
#3496=CARTESIAN_POINT('',(0.00525479702615315,0.0277952029738468,-0.00923423952041445));
#3497=CARTESIAN_POINT('',(0.00420714285714285,0.0288428571428571,-0.00983910293691018));
#3498=CARTESIAN_POINT('',(0.0046,0.03395,-0.0112));
#3499=CARTESIAN_POINT('',(0.00420714285714285,0.0335571428571429,-0.0125608970630898));
#3500=CARTESIAN_POINT('',(0.0046,0.02845,-0.0112));
#3501=CARTESIAN_POINT('',(0.00525479702615315,0.0277952029738468,-0.00923423952041445));
#3502=CARTESIAN_POINT('',(0.00525479702615316,0.0277952029738468,-0.0131657604795856));
#3503=CARTESIAN_POINT('',(0.00420714285714285,0.0288428571428571,-0.0125608970630898));
#3504=CARTESIAN_POINT('',(0.0046,0.032575,-0.0135815698604072));
#3505=CARTESIAN_POINT('',(0.00420714285714285,0.0312,-0.0139217941261797));
#3506=CARTESIAN_POINT('',(0.0046,0.029825,-0.0135815698604072));
#3507=CARTESIAN_POINT('',(0.009,0.0292,-0.0183014083110324));
#3508=CARTESIAN_POINT('',(0.,0.0292,-0.0032));
#3509=CARTESIAN_POINT('',(0.009,0.0292,-0.0032));
#3510=CARTESIAN_POINT('',(0.009,0.0292,-0.0112));
#3511=CARTESIAN_POINT('',(-0.005,0.024,0.008));
#3512=CARTESIAN_POINT('',(-0.005,0.024,0.008));
#3513=CARTESIAN_POINT('',(-0.005,0.0246,0.008));
#3514=CARTESIAN_POINT('',(-0.005,0.0246,0.008));
#3515=CARTESIAN_POINT('',(0.005,0.024,0.008));
#3516=CARTESIAN_POINT('',(0.005,0.0246,0.008));
#3517=CARTESIAN_POINT('',(0.005,0.0246,0.008));
#3518=CARTESIAN_POINT('',(0.005,0.024,0.008));
#3519=CARTESIAN_POINT('',(0.,0.015,0.008));
#3520=CARTESIAN_POINT('',(0.,0.0246,0.008));
#3521=CARTESIAN_POINT('',(0.,0.0246,0.008));
#3522=CARTESIAN_POINT('',(0.,0.,0.));
#3523=CARTESIAN_POINT('',(-0.0594285156327554,0.024002,0.009));
#3524=CARTESIAN_POINT('',(0.,0.0246,0.009));
#3525=CARTESIAN_POINT('',(-0.005,0.0246,0.009));
#3526=CARTESIAN_POINT('',(0.005,0.0246,0.009));
#3527=CARTESIAN_POINT('',(-0.005,0.024,0.009));
#3528=CARTESIAN_POINT('',(-0.005,0.024,0.009));
#3529=CARTESIAN_POINT('',(-0.0594285156327554,0.024,0.009));
#3530=CARTESIAN_POINT('',(-0.0208157568056678,0.024,0.009));
#3531=CARTESIAN_POINT('',(-0.0208157568056678,0.024002,0.009));
#3532=CARTESIAN_POINT('',(-0.0208157568056678,0.0048,0.009));
#3533=CARTESIAN_POINT('',(-0.0594285156327554,0.0048,0.009));
#3534=CARTESIAN_POINT('',(-0.0222,0.0048,0.009));
#3535=CARTESIAN_POINT('',(-0.0222,0.024002,0.009));
#3536=CARTESIAN_POINT('',(-0.0222,0.0252,0.009));
#3537=CARTESIAN_POINT('',(-0.0594285156327554,0.0252,0.009));
#3538=CARTESIAN_POINT('',(0.0222,0.0252,0.009));
#3539=CARTESIAN_POINT('',(0.0222,0.024002,0.009));
#3540=CARTESIAN_POINT('',(0.0222,0.0048,0.009));
#3541=CARTESIAN_POINT('',(-0.0594285156327554,0.0048,0.009));
#3542=CARTESIAN_POINT('',(0.0208157568056678,0.0048,0.009));
#3543=CARTESIAN_POINT('',(0.0208157568056678,0.024002,0.009));
#3544=CARTESIAN_POINT('',(0.0208157568056678,0.024,0.009));
#3545=CARTESIAN_POINT('',(-0.0594285156327554,0.024,0.009));
#3546=CARTESIAN_POINT('',(0.005,0.024,0.009));
#3547=CARTESIAN_POINT('',(0.005,0.024,0.009));
#3548=CARTESIAN_POINT('',(0.016,0.024002,0.009));
#3549=CARTESIAN_POINT('',(0.016,0.024,0.009));
#3550=CARTESIAN_POINT('',(0.017921615321685,0.024,0.0134157568056678));
#3551=CARTESIAN_POINT('',(0.016,0.0048,0.009));
#3552=CARTESIAN_POINT('',(0.017921615321685,0.0048,0.0134157568056678));
#3553=CARTESIAN_POINT('',(0.017921615321685,0.024002,0.0134157568056678));
#3554=CARTESIAN_POINT('',(3.46944695195361E-18,0.024002,0.0134157568056678));
#3555=CARTESIAN_POINT('',(3.46944695195361E-18,0.024,0.0134157568056678));
#3556=CARTESIAN_POINT('',(-0.0179216153216849,0.024,0.0134157568056678));
#3557=CARTESIAN_POINT('',(0.017921615321685,0.0028,0.0134157568056678));
#3558=CARTESIAN_POINT('',(0.017921615321685,0.0028,0.0134157568056678));
#3559=CARTESIAN_POINT('',(3.46944695195361E-18,0.0028,0.0134157568056678));
#3560=CARTESIAN_POINT('',(-0.0179216153216849,0.0028,0.0134157568056678));
#3561=CARTESIAN_POINT('',(-0.0179216153216849,0.0028,0.0134157568056678));
#3562=CARTESIAN_POINT('',(-0.0179216153216849,0.0048,0.0134157568056678));
#3563=CARTESIAN_POINT('',(-0.0179216153216849,0.024002,0.0134157568056678));
#3564=CARTESIAN_POINT('',(-0.016,0.024002,0.009));
#3565=CARTESIAN_POINT('',(-0.016,0.024,0.009));
#3566=CARTESIAN_POINT('',(-0.016,0.0048,0.009));
#3567=CARTESIAN_POINT('',(-0.016,0.024002,0.009));
#3568=CARTESIAN_POINT('',(-0.016,0.024002,0.0152));
#3569=CARTESIAN_POINT('',(-0.016,0.0252,0.0152));
#3570=CARTESIAN_POINT('',(-0.016,0.0048,0.0152));
#3571=CARTESIAN_POINT('',(-0.016,0.0252,0.009));
#3572=CARTESIAN_POINT('',(-0.016,0.0048,0.009));
#3573=CARTESIAN_POINT('',(0.016,0.024002,0.0152));
#3574=CARTESIAN_POINT('',(0.016,0.024002,0.0152));
#3575=CARTESIAN_POINT('',(0.016,0.0252,0.0152));
#3576=CARTESIAN_POINT('',(0.016,0.0048,0.0152));
#3577=CARTESIAN_POINT('',(0.016,0.0252,0.0152));
#3578=CARTESIAN_POINT('',(0.016,0.0048,0.0152));
#3579=CARTESIAN_POINT('',(0.016,0.024002,0.009));
#3580=CARTESIAN_POINT('',(0.016,0.0252,0.009));
#3581=CARTESIAN_POINT('',(0.016,0.0048,0.009));
#3582=CARTESIAN_POINT('',(0.,0.0048,0.0121));
#3583=CARTESIAN_POINT('',(0.016,0.0048,0.009));
#3584=CARTESIAN_POINT('',(0.016,0.0048,0.0138157568056678));
#3585=CARTESIAN_POINT('',(-0.016,0.0048,0.009));
#3586=CARTESIAN_POINT('',(-0.016,0.0048,0.0138157568056678));
#3587=CARTESIAN_POINT('',(0.,0.0048,0.0138157568056678));
#3588=CARTESIAN_POINT('',(0.,0.024,0.0121));
#3589=CARTESIAN_POINT('',(0.005,0.024,0.0096));
#3590=CARTESIAN_POINT('',(-0.005,0.024,0.0096));
#3591=CARTESIAN_POINT('',(0.005,0.024,0.0096));
#3592=CARTESIAN_POINT('',(0.005,0.024,0.008));
#3593=CARTESIAN_POINT('',(-0.005,0.024,0.0121));
#3594=CARTESIAN_POINT('',(0.,0.0252,-0.0031));
#3595=CARTESIAN_POINT('',(0.,0.0028,0.0138157568056678));
#3596=CARTESIAN_POINT('',(-0.016,0.0028,0.0138157568056678));
#3597=CARTESIAN_POINT('',(-0.016,0.0028,0.0138157568056678));
#3598=CARTESIAN_POINT('',(0.,0.0028,0.0138157568056678));
#3599=CARTESIAN_POINT('',(0.016,0.0028,0.0138157568056678));
#3600=CARTESIAN_POINT('',(0.016,0.0028,0.0138157568056678));
#3601=CARTESIAN_POINT('',(-0.016,0.0028,0.009));
#3602=CARTESIAN_POINT('',(-0.016,0.0028,0.009));
#3603=CARTESIAN_POINT('',(0.016,0.0028,0.009));
#3604=CARTESIAN_POINT('',(0.016,0.0028,0.009));
#3605=CARTESIAN_POINT('',(0.,0.0028,0.0121));
#3606=CARTESIAN_POINT('',(-0.005,0.024,0.008));
#3607=CARTESIAN_POINT('',(-0.005,0.0246,0.008));
#3608=CARTESIAN_POINT('',(-0.005,0.0246,0.008));
#3609=CARTESIAN_POINT('',(-0.005,0.024,0.008));
#3610=CARTESIAN_POINT('',(-0.005,0.0234,0.008));
#3611=CARTESIAN_POINT('',(-0.005,0.0234,0.008));
#3612=CARTESIAN_POINT('',(-0.005,0.0234,0.009));
#3613=CARTESIAN_POINT('',(-0.005,0.024,0.0096));
#3614=CARTESIAN_POINT('',(0.,0.0246,0.008));
#3615=CARTESIAN_POINT('',(0.005,0.0246,0.008));
#3616=CARTESIAN_POINT('',(0.005,0.0246,0.008));
#3617=CARTESIAN_POINT('',(0.,0.0246,0.008));
#3618=CARTESIAN_POINT('',(0.005,0.024,0.008));
#3619=CARTESIAN_POINT('',(0.005,0.0232,0.0088));
#3620=CARTESIAN_POINT('',(0.005,0.0234,0.009));
#3621=CARTESIAN_POINT('',(0.005,0.0234,0.008));
#3622=CARTESIAN_POINT('',(0.005,0.0234,0.008));
#3623=CARTESIAN_POINT('',(0.005,0.024,0.008));
#3624=CARTESIAN_POINT('',(0.,0.0234,0.008));
#3625=CARTESIAN_POINT('',(0.,0.0234,0.009));
#3626=CARTESIAN_POINT('',(0.,0.0234,0.008));
#3627=CARTESIAN_POINT('',(0.,0.015,0.008));
#3628=CARTESIAN_POINT('',(0.,0.024,0.0096));
#3629=CARTESIAN_POINT('',(0.,0.,0.));
#3630=CARTESIAN_POINT('',(-0.005,0.0312,-0.0112));
#3631=CARTESIAN_POINT('',(0.,0.0312,-0.0112));
#3632=CARTESIAN_POINT('',(0.,0.0312,-0.00965));
#3633=CARTESIAN_POINT('',(-0.002,0.0312,-0.0112));
#3634=CARTESIAN_POINT('',(-0.002,0.0312,-0.00965));
#3635=CARTESIAN_POINT('',(-0.005,0.0353,-0.0072));
#3636=CARTESIAN_POINT('',(0.,0.0353,-0.0072));
#3637=CARTESIAN_POINT('',(0.,0.0394,-0.0072));
#3638=CARTESIAN_POINT('',(0.,0.0312,-0.0072));
#3639=CARTESIAN_POINT('',(-0.005,0.0394,-0.0072));
#3640=CARTESIAN_POINT('',(-0.005,0.0394,-0.0072));
#3641=CARTESIAN_POINT('',(-0.005,0.0353,-0.0072));
#3642=CARTESIAN_POINT('',(-0.005,0.0312,-0.0072));
#3643=CARTESIAN_POINT('',(-0.005,0.0312,-0.0072));
#3644=CARTESIAN_POINT('',(-0.005,0.0353,-0.0152));
#3645=CARTESIAN_POINT('',(0.,0.0353,-0.0152));
#3646=CARTESIAN_POINT('',(0.,0.0312,-0.0152));
#3647=CARTESIAN_POINT('',(0.,0.0394,-0.0152));
#3648=CARTESIAN_POINT('',(-0.005,0.0312,-0.0152));
#3649=CARTESIAN_POINT('',(-0.005,0.0312,-0.0152));
#3650=CARTESIAN_POINT('',(-0.005,0.0353,-0.0152));
#3651=CARTESIAN_POINT('',(-0.005,0.0394,-0.0152));
#3652=CARTESIAN_POINT('',(0.,0.0394,-0.0152));
#3653=CARTESIAN_POINT('',(-0.016,0.0394,-0.0152));
#3654=CARTESIAN_POINT('',(-0.016,0.0434,-0.0152));
#3655=CARTESIAN_POINT('',(-0.016,0.0434,-0.0152));
#3656=CARTESIAN_POINT('',(0.,0.0434,-0.0152));
#3657=CARTESIAN_POINT('',(0.016,0.0434,-0.0152));
#3658=CARTESIAN_POINT('',(0.016,0.0434,-0.0152));
#3659=CARTESIAN_POINT('',(0.016,0.0394,-0.0152));
#3660=CARTESIAN_POINT('',(0.,0.0394,-0.0152));
#3661=CARTESIAN_POINT('',(-0.005,0.0312,-0.0112));
#3662=CARTESIAN_POINT('',(0.,0.0312,-0.0112));
#3663=CARTESIAN_POINT('',(-0.005,0.0312,-0.0112));
#3664=CARTESIAN_POINT('',(-0.005,0.0323,-0.0092));
#3665=CARTESIAN_POINT('',(-0.005,0.0312,-0.0112));
#3666=CARTESIAN_POINT('',(-0.005,0.0312,-0.00835));
#3667=CARTESIAN_POINT('',(-0.005,0.0394,-0.0112));
#3668=CARTESIAN_POINT('',(0.,0.0323,-0.0092));
#3669=CARTESIAN_POINT('',(0.,0.0394,-0.0112));
#3670=CARTESIAN_POINT('',(-0.002,0.0312,-0.0112));
#3671=CARTESIAN_POINT('',(-0.002,0.0312,-0.0112));
#3672=CARTESIAN_POINT('',(-0.002,0.0312,-0.00835));
#3673=CARTESIAN_POINT('',(-0.002,0.0333,-0.0112));
#3674=CARTESIAN_POINT('',(0.,0.0394,-0.0076));
#3675=CARTESIAN_POINT('',(0.016,0.0394,-0.0076));
#3676=CARTESIAN_POINT('',(0.016,0.0394,0.));
#3677=CARTESIAN_POINT('',(0.,0.0394,0.));
#3678=CARTESIAN_POINT('',(-0.016,0.0394,-8.67361737988404E-19));
#3679=CARTESIAN_POINT('',(-0.016,0.0394,-0.0076));
#3680=CARTESIAN_POINT('',(-0.016,0.0434,-0.0076));
#3681=CARTESIAN_POINT('',(-0.016,0.0434,-8.67361737988404E-19));
#3682=CARTESIAN_POINT('',(-0.016,0.0434,-8.67361737988404E-19));
#3683=CARTESIAN_POINT('',(-0.016,0.0434,-0.0076));
#3684=CARTESIAN_POINT('',(0.,0.0434,0.));
#3685=CARTESIAN_POINT('',(0.016,0.0434,0.));
#3686=CARTESIAN_POINT('',(0.016,0.0434,0.));
#3687=CARTESIAN_POINT('',(0.,0.0434,0.));
#3688=CARTESIAN_POINT('',(0.016,0.0434,-0.0076));
#3689=CARTESIAN_POINT('',(0.016,0.0434,-0.0076));
#3690=CARTESIAN_POINT('',(0.,0.0434,-0.0076));
#3691=MECHANICAL_DESIGN_GEOMETRIC_PRESENTATION_REPRESENTATION('',(#2184),
#3695);
#3692=MECHANICAL_DESIGN_GEOMETRIC_PRESENTATION_REPRESENTATION('',(#2185),
#3696);
#3693=MECHANICAL_DESIGN_GEOMETRIC_PRESENTATION_REPRESENTATION('',(#2186),
#3697);
#3694=MECHANICAL_DESIGN_GEOMETRIC_PRESENTATION_REPRESENTATION('',(#2187),
#3698);
#3695=(
GEOMETRIC_REPRESENTATION_CONTEXT(3)
GLOBAL_UNCERTAINTY_ASSIGNED_CONTEXT((#3699))
GLOBAL_UNIT_ASSIGNED_CONTEXT((#3711,#3707,#3703))
REPRESENTATION_CONTEXT('wallMount','TOP_LEVEL_ASSEMBLY_PART')
);
#3696=(
GEOMETRIC_REPRESENTATION_CONTEXT(3)
GLOBAL_UNCERTAINTY_ASSIGNED_CONTEXT((#3700))
GLOBAL_UNIT_ASSIGNED_CONTEXT((#3712,#3708,#3704))
REPRESENTATION_CONTEXT('MainCover','TOP_LEVEL_ASSEMBLY_PART')
);
#3697=(
GEOMETRIC_REPRESENTATION_CONTEXT(3)
GLOBAL_UNCERTAINTY_ASSIGNED_CONTEXT((#3701))
GLOBAL_UNIT_ASSIGNED_CONTEXT((#3713,#3709,#3705))
REPRESENTATION_CONTEXT('TopLid','TOP_LEVEL_ASSEMBLY_PART')
);
#3698=(
GEOMETRIC_REPRESENTATION_CONTEXT(3)
GLOBAL_UNCERTAINTY_ASSIGNED_CONTEXT((#3702))
GLOBAL_UNIT_ASSIGNED_CONTEXT((#3714,#3710,#3706))
REPRESENTATION_CONTEXT('mountAdapter','TOP_LEVEL_ASSEMBLY_PART')
);
#3699=UNCERTAINTY_MEASURE_WITH_UNIT(LENGTH_MEASURE(1.E-8),#3711,
'DISTANCE_ACCURACY_VALUE','Maximum Tolerance applied to model');
#3700=UNCERTAINTY_MEASURE_WITH_UNIT(LENGTH_MEASURE(1.E-8),#3712,
'DISTANCE_ACCURACY_VALUE','Maximum Tolerance applied to model');
#3701=UNCERTAINTY_MEASURE_WITH_UNIT(LENGTH_MEASURE(1.E-8),#3713,
'DISTANCE_ACCURACY_VALUE','Maximum Tolerance applied to model');
#3702=UNCERTAINTY_MEASURE_WITH_UNIT(LENGTH_MEASURE(1.E-8),#3714,
'DISTANCE_ACCURACY_VALUE','Maximum Tolerance applied to model');
#3703=(
NAMED_UNIT(*)
SI_UNIT($,.STERADIAN.)
SOLID_ANGLE_UNIT()
);
#3704=(
NAMED_UNIT(*)
SI_UNIT($,.STERADIAN.)
SOLID_ANGLE_UNIT()
);
#3705=(
NAMED_UNIT(*)
SI_UNIT($,.STERADIAN.)
SOLID_ANGLE_UNIT()
);
#3706=(
NAMED_UNIT(*)
SI_UNIT($,.STERADIAN.)
SOLID_ANGLE_UNIT()
);
#3707=(
NAMED_UNIT(*)
PLANE_ANGLE_UNIT()
SI_UNIT($,.RADIAN.)
);
#3708=(
NAMED_UNIT(*)
PLANE_ANGLE_UNIT()
SI_UNIT($,.RADIAN.)
);
#3709=(
NAMED_UNIT(*)
PLANE_ANGLE_UNIT()
SI_UNIT($,.RADIAN.)
);
#3710=(
NAMED_UNIT(*)
PLANE_ANGLE_UNIT()
SI_UNIT($,.RADIAN.)
);
#3711=(
LENGTH_UNIT()
NAMED_UNIT(*)
SI_UNIT($,.METRE.)
);
#3712=(
LENGTH_UNIT()
NAMED_UNIT(*)
SI_UNIT($,.METRE.)
);
#3713=(
LENGTH_UNIT()
NAMED_UNIT(*)
SI_UNIT($,.METRE.)
);
#3714=(
LENGTH_UNIT()
NAMED_UNIT(*)
SI_UNIT($,.METRE.)
);
#3715=PRODUCT_DEFINITION_SHAPE('','',#3719);
#3716=PRODUCT_DEFINITION_SHAPE('','',#3720);
#3717=PRODUCT_DEFINITION_SHAPE('','',#3721);
#3718=PRODUCT_DEFINITION_SHAPE('','',#3722);
#3719=PRODUCT_DEFINITION('','',#3727,#3723);
#3720=PRODUCT_DEFINITION('','',#3728,#3724);
#3721=PRODUCT_DEFINITION('','',#3729,#3725);
#3722=PRODUCT_DEFINITION('','',#3730,#3726);
#3723=PRODUCT_DEFINITION_CONTEXT('',#3751,'design');
#3724=PRODUCT_DEFINITION_CONTEXT('',#3752,'design');
#3725=PRODUCT_DEFINITION_CONTEXT('',#3753,'design');
#3726=PRODUCT_DEFINITION_CONTEXT('',#3754,'design');
#3727=PRODUCT_DEFINITION_FORMATION_WITH_SPECIFIED_SOURCE('','',#3735,
 .NOT_KNOWN.);
#3728=PRODUCT_DEFINITION_FORMATION_WITH_SPECIFIED_SOURCE('','',#3736,
 .NOT_KNOWN.);
#3729=PRODUCT_DEFINITION_FORMATION_WITH_SPECIFIED_SOURCE('','',#3737,
 .NOT_KNOWN.);
#3730=PRODUCT_DEFINITION_FORMATION_WITH_SPECIFIED_SOURCE('','',#3738,
 .NOT_KNOWN.);
#3731=PRODUCT_RELATED_PRODUCT_CATEGORY('','',(#3735));
#3732=PRODUCT_RELATED_PRODUCT_CATEGORY('','',(#3736));
#3733=PRODUCT_RELATED_PRODUCT_CATEGORY('','',(#3737));
#3734=PRODUCT_RELATED_PRODUCT_CATEGORY('','',(#3738));
#3735=PRODUCT('wallMount','wallMount','wallMount',(#3743));
#3736=PRODUCT('MainCover','MainCover','MainCover',(#3744));
#3737=PRODUCT('TopLid','TopLid','TopLid',(#3745));
#3738=PRODUCT('mountAdapter','mountAdapter','mountAdapter',(#3746));
#3739=PRODUCT_CATEGORY('','');
#3740=PRODUCT_CATEGORY('','');
#3741=PRODUCT_CATEGORY('','');
#3742=PRODUCT_CATEGORY('','');
#3743=PRODUCT_CONTEXT('',#3751,'mechanical');
#3744=PRODUCT_CONTEXT('',#3752,'mechanical');
#3745=PRODUCT_CONTEXT('',#3753,'mechanical');
#3746=PRODUCT_CONTEXT('',#3754,'mechanical');
#3747=APPLICATION_PROTOCOL_DEFINITION('international standard',
'ap242_managed_model_based_3d_engineering',2020,#3751);
#3748=APPLICATION_PROTOCOL_DEFINITION('international standard',
'ap242_managed_model_based_3d_engineering',2020,#3752);
#3749=APPLICATION_PROTOCOL_DEFINITION('international standard',
'ap242_managed_model_based_3d_engineering',2020,#3753);
#3750=APPLICATION_PROTOCOL_DEFINITION('international standard',
'ap242_managed_model_based_3d_engineering',2020,#3754);
#3751=APPLICATION_CONTEXT('managed model based 3d engineering');
#3752=APPLICATION_CONTEXT('managed model based 3d engineering');
#3753=APPLICATION_CONTEXT('managed model based 3d engineering');
#3754=APPLICATION_CONTEXT('managed model based 3d engineering');
ENDSEC;
END-ISO-10303-21;
